"Day Born",CRN,"Member Name",Transactions,"Payment Types","First Reporting Period","Last Reporting Period","Last Payment","Total Amount (GHS)"
Wednesday,FMC-M0001-KM,"MyFREEMAN METHODIST CHAPEL",45,"APPEALS, MDF, Monthly Offering/Kofi & Ama, OFFERING","2026-03-01 00:00:00","2026-08-01 00:00:00","2026-08-30 12:47:34",138480.20
Tuesday,FMC-D0301-KM,"DANIEL KOJO ANGU",24,"HARVEST, TITHE, WELFARE","2025-11-01 00:00:00","2026-08-01 00:00:00","2026-08-30 14:07:20",20600.00
Thursday,FMC-A0120-KM,"NANA YAW ANGU",22,"TITHE, WELFARE","2025-10-01 00:00:00","2026-08-01 00:00:00","2026-08-30 13:36:58",19272.00
Saturday,FMC-F0708-KM,"SANDRA OWUSU",8,"HARVEST, TITHE, WELFARE","2025-08-01 00:00:00","2025-12-01 00:00:00","2025-12-22 10:50:45",14045.00
Tuesday,FMC-K0601-KM,"BENJAMIN AFFUL-ESHUN",14,"HARVEST, TITHE, WELFARE","2025-10-01 00:00:00","2026-08-01 00:00:00","2026-08-30 10:37:08",14000.00
Monday,FMC-A0516-KM,"DAVID KOJO AFFUL",23,"HARVEST, TITHE, WELFARE","2025-10-01 00:00:00","2026-08-01 00:00:00","2026-08-30 10:24:53",13570.00
Wednesday,FMC-D0121-KM,"SABINA AKUA MENDS",33,"HARVEST, TITHE, WELFARE","2025-11-01 00:00:00","2026-08-01 00:00:00","2026-08-30 09:56:15",12300.00
Wednesday,FMC-A0114-KM,"STELLA BAAWAH Hagan",42,"HARVEST, TITHE, WELFARE","2025-10-01 00:00:00","2026-09-01 00:00:00","2026-09-06 12:32:47",10730.00
Tuesday,FMC-K0810-KM,"DINAH GYANUAH ASIAMAH",30,"HARVEST, TITHE, WELFARE","2025-10-01 00:00:00","2026-08-01 00:00:00","2026-08-31 17:48:53",10000.00
Monday,FMC-A1518-KM,"CYNTHIA ARTHUR",10,"TITHE, WELFARE","2026-04-01 00:00:00","2026-08-01 00:00:00","2026-08-30 11:59:52",9940.00
Wednesday,FMC-A0124-KM,"RICHARD CUDJOE",23,"HARVEST, TITHE, WELFARE","2025-10-01 00:00:00","2026-08-01 00:00:00","2026-08-02 12:31:11",9800.00
Thursday,FMC-K0416-KM,"EUGENIA QUAYSON",37,"HARVEST, TITHE, WELFARE","2025-11-01 00:00:00","2026-08-01 00:00:00","2026-08-30 12:38:51",9800.00
Tuesday,FMC-D0108-KM,"EDMUND AFFUL",12,"HARVEST, TITHE, WELFARE","2025-11-01 00:00:00","2026-08-01 00:00:00","2026-08-30 12:37:43",9700.00
Saturday,FMC-B0801-KM,"FRANK ATO AKYEREKO",26,"HARVEST, TITHE, WELFARE","2025-10-01 00:00:00","2026-09-01 00:00:00","2026-09-06 11:39:17",9400.00
Sunday,FMC-D0116-KM,"JOHN BAAKO APPIAH JRN.",35,"HARVEST, TITHE, WELFARE","2025-10-01 00:00:00","2026-09-01 00:00:00","2026-09-06 11:20:26",9250.00
Tuesday,FMC-D0901-KM,"ANTHONY EGYIR MONNEY",27,"HARVEST, TITHE, WELFARE","2025-10-01 00:00:00","2026-08-01 00:00:00","2026-08-02 09:13:23",9000.00
Tuesday,FMC-A1603-KM,"ABRAHAM APSONDAISY",14,"TITHE, WELFARE","2026-03-01 00:00:00","2026-08-01 00:00:00","2026-09-06 13:15:56",8801.00
Wednesday,FMC-B0719-KM,"KWESI KOOMSON",11,"HARVEST, TITHE, WELFARE","2026-02-01 00:00:00","2026-09-01 00:00:00","2026-09-06 11:55:50",8414.00
Friday,FMC-A0112-KM,"GLADYS BOAKYE",26,"HARVEST, TITHE, WELFARE","2025-10-01 00:00:00","2026-08-01 00:00:00","2026-08-30 09:59:59",8400.00
Monday,FMC-D0513-KM,"ROSE KWEGYAN",28,"HARVEST, TITHE, WELFARE","2025-10-01 00:00:00","2026-08-01 00:00:00","2026-08-30 12:31:18",8310.00
Wednesday,FMC-K0821-KM,"SARAH EPTON",25,"HARVEST, TITHE, WELFARE","2025-10-01 00:00:00","2026-08-01 00:00:00","2026-08-02 10:34:36",8300.00
Wednesday,FMC-F0301-KM,"JEMIMA EKUA",31,"HARVEST, TITHE, WELFARE","2025-10-01 00:00:00","2026-08-01 00:00:00","2026-08-30 13:54:42",8250.00
Monday,FMC-W1008-KM,"PRISCILLA ASANTE",35,"HARVEST, TITHE, WELFARE","2025-10-01 00:00:00","2026-08-01 00:00:00","2026-08-30 10:20:17",8120.00
Friday,FMC-A0802-KM,"EMMANUEL FOSU",30,"HARVEST, TITHE, WELFARE","2025-10-01 00:00:00","2026-09-01 00:00:00","2026-09-06 12:25:48",7330.00
Monday,FMC-A0707-KM,"NATHANIEL ANDZIE KOJO PAINSTIL",39,"APPEALS, Charity Fund, Education Support, FWB Yesu Bogya Mu, Grace Box, HARVEST, Morning Prayer, TITHE, WELFARE","2025-09-01 00:00:00","2026-08-01 00:00:00","2026-08-30 09:56:15",6802.00
Tuesday,FMC-K0404-KM,"MAXWELL EBO OTOO",20,"HARVEST, TITHE, WELFARE","2025-11-01 00:00:00","2026-09-01 00:00:00","2026-09-06 12:00:41",6630.00
Monday,FMC-A0901-KM,"EMMA SCHECK",54,"HARVEST, TITHE, WELFARE","2025-10-01 00:00:00","2026-09-01 00:00:00","2026-09-06 10:58:02",6460.00
Monday,FMC-A0201-KM,"LAWRENCE APPIAH-BINEY",27,"HARVEST, TITHE, WELFARE","2025-09-01 00:00:00","2026-08-01 00:00:00","2026-08-30 10:32:33",6400.00
Wednesday,FMC-A1214-KM,"PATRICIA ROLLA",21,"HARVEST, TITHE, WELFARE","2025-10-01 00:00:00","2026-08-01 00:00:00","2026-08-31 17:38:23",6370.00
Sunday,FMC-W0310-KM,"HANNAH ARTHUR",19,"HARVEST, TITHE, WELFARE","2025-10-01 00:00:00","2026-09-01 00:00:00","2026-09-06 09:58:02",6340.00
Monday,FMC-A1217-KM,"MAVIS GYASI",10,"HARVEST, TITHE, WELFARE","2025-12-01 00:00:00","2026-07-01 00:00:00","2026-07-12 11:46:38",6100.00
Thursday,FMC-W0309-KM,"MOSES ARTHUR",19,"HARVEST, TITHE, WELFARE","2025-10-01 00:00:00","2026-09-01 00:00:00","2026-09-06 10:36:14",6060.00
Saturday,FMC-B0401-KM,"VIVIAN LOVE",27,"HARVEST, TITHE, WELFARE","2025-10-01 00:00:00","2026-08-01 00:00:00","2026-08-30 12:01:23",5950.00
Monday,FMC-A0107-KM,"JOSEPH GYASI",29,"HARVEST, TITHE, WELFARE","2025-10-01 00:00:00","2026-09-01 00:00:00","2026-09-06 09:52:12",5850.00
Friday,FMC-D0801-KM,"SARAH MBORAH ESHUN",40,"HARVEST, TITHE, WELFARE","2025-10-01 00:00:00","2026-09-01 00:00:00","2026-09-06 11:29:48",5770.00
Wednesday,FMC-D0501-KM,"JOHN KWEKU TRONU",34,"HARVEST, TITHE, WELFARE","2025-10-01 00:00:00","2026-09-01 00:00:00","2026-09-06 11:27:39",5720.00
Tuesday,FMC-F0707-KM,"HILDA BRIGHT-YANKEY",28,"HARVEST, TITHE, WELFARE","2025-11-01 00:00:00","2026-09-01 00:00:00","2026-09-06 11:03:26",5700.00
Monday,FMC-D0823-KM,"ANDREW KOJO AFFUL",19,"HARVEST, TITHE, WELFARE","2025-10-01 00:00:00","2026-08-01 00:00:00","2026-08-30 10:13:46",5660.00
Friday,FMC-A0301-KM,"FREDERICK NYARKOH",28,"HARVEST, TITHE, WELFARE","2025-11-01 00:00:00","2026-08-01 00:00:00","2026-08-09 14:08:32",5620.00
Thursday,FMC-F0110-KM,"COMFORT ANSAH YEBOAH",28,"APPEALS, HARVEST, OFFERING, TITHE, WELFARE","2025-08-01 00:00:00","2026-04-01 00:00:00","2026-05-22 00:04:24",5601.50
Wednesday,FMC-F0101-KM,"MARGARET NUNOO",33,"HARVEST, MDF, TITHE, WELFARE","2025-08-01 00:00:00","2026-09-01 00:00:00","2026-09-06 10:25:25",5510.01
Friday,FMC-A0504-KM,"PRISCILLA OWUSU ADJEI",33,"HARVEST, TITHE, WELFARE","2025-10-01 00:00:00","2026-08-01 00:00:00","2026-08-31 17:38:23",5423.00
Wednesday,FMC-A1611-KM,"THEOPHILUS TAWIAH IMPRAIM",18,"HARVEST, TITHE, WELFARE","2025-10-01 00:00:00","2026-08-01 00:00:00","2026-08-08 15:07:05",5400.00
Sunday,FMC-A0222-KM,"JUSTICE OBIRI NKETSIAH",17,"HARVEST, TITHE, WELFARE","2025-06-01 00:00:00","2026-05-01 00:00:00","2026-08-01 03:57:18",5400.00
Sunday,FMC-W0104-KM,"ABRAHAM OWUSU",36,"HARVEST, TITHE, WELFARE","2025-10-01 00:00:00","2026-08-01 00:00:00","2026-08-30 09:40:58",5400.00
Sunday,FMC-D0401-KM,"GEORGE ABAKAH",25,"HARVEST, TITHE, WELFARE","2025-10-01 00:00:00","2026-07-01 00:00:00","2026-07-26 10:04:32",5315.00
Saturday,FMC-K0901-KM,"ERIC KOJO AMOAH",29,"HARVEST, TITHE, WELFARE","2025-10-01 00:00:00","2026-07-01 00:00:00","2026-07-26 10:24:02",5221.00
Tuesday,FMC-F0901-KM,"BARNABAS KOBINA",134,"Unclassified, APPEALS, Charity Fund, FWB Yesu Bogya Mu, Grace Box, HARVEST, Jericho Hour, MDF, OFFERING, Outlook Support, Project Support, SOMBI, SUNDAY SCHOOL, Thank God It Friday, Thanks Offering, TITHE, WELFARE","2024-12-15 00:00:00","2026-08-01 00:00:00","2026-08-28 10:39:09",5108.93
Friday,FMC-B0609-KM,"WISDOM FIAWOO",20,"HARVEST, OFFERING, TITHE, WELFARE","2025-09-01 00:00:00","2026-08-01 00:00:00","2026-08-30 14:02:03",5051.00
Wednesday,FMC-K0814-KM,"SAMUEL QUARSHIE",38,"HARVEST, TITHE, WELFARE","2025-10-01 00:00:00","2026-09-01 00:00:00","2026-09-06 12:33:45",5050.00
Sunday,FMC-K0207-KM,"EVELYN OSEI- BONSU",23,"HARVEST, TITHE, WELFARE","2025-10-01 00:00:00","2026-08-01 00:00:00","2026-08-02 10:15:22",5020.00
Thursday,FMC-A1310-KM,"GEORGINA OCRAN",25,"HARVEST, TITHE, WELFARE","2025-10-01 00:00:00","2026-08-01 00:00:00","2026-08-31 20:16:13",4954.00
Wednesday,FMC-A0221-KM,"LINDA NHYIRABA SOMEHWE",17,"HARVEST, TITHE, WELFARE","2026-01-01 00:00:00","2026-08-01 00:00:00","2026-08-30 11:17:39",4950.00
Tuesday,FMC-A0125-KM,"JUSTICE KORANKYE",14,"HARVEST, TITHE","2025-11-01 00:00:00","2026-09-01 00:00:00","2026-09-06 06:36:39",4845.00
Thursday,FMC-A1409-KM,"REES ARTHUR-BAIDOO",27,"HARVEST, TITHE, WELFARE","2025-10-01 00:00:00","2026-08-01 00:00:00","2026-08-02 11:28:29",4820.00
Friday,FMC-D0322-KM,"SYLVIA IVY AFFUL",36,"HARVEST, TITHE, WELFARE","2025-10-01 00:00:00","2026-08-01 00:00:00","2026-08-30 10:17:02",4810.00
Tuesday,FMC-K0201-KM,"JOE NKANSAH-POKU",30,"HARVEST, TITHE, WELFARE","2025-10-01 00:00:00","2026-08-01 00:00:00","2026-08-30 12:12:38",4675.00
Friday,FMC-A1304-KM,"CHARLES MARFO",18,"TITHE, WELFARE","2025-10-01 00:00:00","2026-06-01 00:00:00","2026-07-05 12:05:39",4650.00
Tuesday,FMC-W0814-KM,"VIVIAN TANDOH",27,"HARVEST, TITHE, WELFARE","2025-10-01 00:00:00","2026-09-01 00:00:00","2026-09-06 10:30:03",4525.00
Monday,FMC-A0608-KM,"JANET ARTHUR",31,"HARVEST, TITHE, WELFARE","2025-10-01 00:00:00","2026-09-01 00:00:00","2026-09-06 12:08:23",4460.00
Wednesday,FMC-D0201-KM,"ACQUAH WINIFRED",27,"HARVEST, TITHE, WELFARE","2025-10-01 00:00:00","2026-08-01 00:00:00","2026-08-30 10:57:41",4410.00
Thursday,FMC-B0310-KM,"MERCY BREW",68,"HARVEST, TITHE, WELFARE","2025-10-01 00:00:00","2026-09-01 00:00:00","2026-09-06 10:43:39",4350.00
Thursday,FMC-D0202-KM,"PESSAH SYLVESTER",16,"HARVEST, TITHE, WELFARE","2025-10-01 00:00:00","2026-04-01 00:00:00","2026-04-19 10:01:49",4350.00
Tuesday,FMC-K0526-KM,"MAGDALENE YANKEY",36,"HARVEST, TITHE, WELFARE","2025-10-01 00:00:00","2026-09-01 00:00:00","2026-09-06 11:53:07",4350.00
Wednesday,FMC-W0101-KM,"EBENEZER KWEKU ARHIN",13,"HARVEST, TITHE, WELFARE","2025-11-01 00:00:00","2026-08-01 00:00:00","2026-08-30 09:56:15",4300.00
Sunday,FMC-A0210-KM,"NANA KOBINA KESE ANGU",5,"HARVEST, TITHE, WELFARE","2025-12-01 00:00:00","2026-03-01 00:00:00","2026-03-29 10:56:56",4220.00
Tuesday,FMC-A0101-KM,"KINGSFORD OSABU MENSAH",15,"HARVEST, TITHE, WELFARE","2025-10-01 00:00:00","2026-07-01 00:00:00","2026-07-05 10:02:04",4200.00
Friday,FMC-A1311-KM,"MABEL MUSSEY",33,"HARVEST, TITHE, WELFARE","2025-10-01 00:00:00","2026-09-01 00:00:00","2026-09-06 12:40:40",4150.00
Friday,FMC-A0111-KM,"EFUA BENTUM",40,"HARVEST, TITHE, WELFARE","2025-10-01 00:00:00","2026-08-01 00:00:00","2026-08-30 10:48:27",4120.00
Saturday,FMC-W0813-KM,"SAMUEL QUAYSON SACKEY",44,"HARVEST, TITHE, WELFARE","2025-09-01 00:00:00","2026-08-01 00:00:00","2026-08-30 13:17:49",4120.00
Wednesday,FMC-B0925-KM,"JOSEPH IVAN",14,"TITHE, WELFARE","2026-01-01 00:00:00","2026-07-01 00:00:00","2026-07-19 11:43:00",4110.00
Sunday,FMC-A1001-KM,"EMMANUEL NTIRI",15,"HARVEST, TITHE, WELFARE","2025-12-01 00:00:00","2026-08-01 00:00:00","2026-08-28 11:58:07",4100.00
Monday,FMC-F0902-KM,"GRACE TETTEH",30,"HARVEST, TITHE, WELFARE","2025-11-01 00:00:00","2026-08-01 00:00:00","2026-08-30 09:11:36",4100.00
Friday,FMC-K0805-KM,"CECILIA BAKER AFRAHWUAH",27,"HARVEST, TITHE, WELFARE","2025-11-01 00:00:00","2026-09-01 00:00:00","2026-09-06 12:00:41",4020.00
Monday,FMC-D0708-KM,"LETICIA ESSIEN",10,"TITHE, WELFARE","2025-11-01 00:00:00","2026-08-01 00:00:00","2026-08-30 09:41:37",4000.00
Friday,FMC-A1211-KM,"ALEXANDER AWOTWI",16,"HARVEST, TITHE, WELFARE","2025-10-01 00:00:00","2026-07-01 00:00:00","2026-07-19 11:53:38",3960.00
Tuesday,FMC-A1401-KM,"VIDA OTI BOATENG",16,"TITHE, WELFARE","2025-10-01 00:00:00","2026-06-01 00:00:00","2026-06-28 10:22:04",3900.00
Monday,FMC-B0311-KM,"PATRICIA ASIEDUWAA IMPRIAM",12,"TITHE, WELFARE","2025-10-01 00:00:00","2026-08-01 00:00:00","2026-08-31 08:19:31",3855.00
Tuesday,FMC-A1309-KM,"GRACE DADZIE",36,"HARVEST, TITHE, WELFARE","2025-10-01 00:00:00","2026-08-01 00:00:00","2026-08-30 10:24:53",3750.00
Sunday,FMC-W0222-KM,"CHRISTIANA RHULE",23,"HARVEST, TITHE, WELFARE","2025-11-01 00:00:00","2026-09-01 00:00:00","2026-09-06 09:55:05",3720.00
Tuesday,FMC-W0118-KM,"NAOMI RICHLOVE MANSAH",37,"HARVEST, TITHE, WELFARE","2025-11-01 00:00:00","2026-07-01 00:00:00","2026-07-12 09:37:07",3700.00
Friday,FMC-K0501-KM,"EBENEZER BOGOLO EKYE",34,"HARVEST, TITHE, WELFARE","2025-09-01 00:00:00","2026-08-01 00:00:00","2026-08-30 12:24:58",3665.00
Thursday,FMC-F0502-KM,"ERIC DUODU",50,"HARVEST, TITHE, WELFARE","2025-09-01 00:00:00","2026-09-01 00:00:00","2026-09-06 12:28:15",3640.00
Saturday,FMC-D0119-KM,"PRISCILLA ACKOM",29,"FWB Yesu Bogya Mu, HARVEST, TITHE, WELFARE","2025-09-01 00:00:00","2026-08-01 00:00:00","2026-08-02 12:41:43",3624.00
Monday,FMC-A0717-KM,"ERIC OPOKU NUAMAH",37,"HARVEST, TITHE, WELFARE","2025-10-01 00:00:00","2026-09-01 00:00:00","2026-09-06 11:24:28",3570.00
Wednesday,FMC-B0303-KM,"BERNARD COLEMAN",28,"HARVEST, TITHE, WELFARE","2025-10-01 00:00:00","2026-08-01 00:00:00","2026-08-30 10:47:41",3550.00
Sunday,FMC-K0117-KM,"ROSE NKANSAH-POKU",31,"HARVEST, TITHE, WELFARE","2025-10-01 00:00:00","2026-08-01 00:00:00","2026-08-30 12:34:39",3510.00
Monday,FMC-W0112-KM,"AUDELIA AFFUL",49,"HARVEST, TITHE, WELFARE","2025-10-01 00:00:00","2026-09-01 00:00:00","2026-09-06 11:27:28",3500.00
Thursday,FMC-B0815-KM,"EVELYN ENWUNLI BLAY",9,"HARVEST, TITHE, WELFARE","2025-11-01 00:00:00","2026-04-01 00:00:00","2026-04-26 11:22:45",3450.00
Tuesday,FMC-A0126-KM,"THERESAH ODURO KORANKYE",12,"HARVEST, TITHE","2025-10-01 00:00:00","2026-08-01 00:00:00","2026-08-02 13:11:44",3410.50
Thursday,FMC-B0808-KM,"DANIEL QUAYSON",18,"TITHE, WELFARE","2025-10-01 00:00:00","2026-08-01 00:00:00","2026-08-30 12:24:35",3410.00
Friday,FMC-K0206-KM,"DORCAS CUDJOE",28,"HARVEST, TITHE, WELFARE","2025-10-01 00:00:00","2026-08-01 00:00:00","2026-08-31 17:51:56",3400.00
Saturday,FMC-W0113-KM,"ELIZABETH ESHUN",69,"HARVEST, TITHE, WELFARE","2025-09-01 00:00:00","2026-08-01 00:00:00","2026-08-30 09:40:58",3370.00
Wednesday,FMC-K0120-KM,"GERTRUDE HEMAN",4,"TITHE, WELFARE","2025-10-01 00:00:00","2025-11-01 00:00:00","2025-11-09 09:03:15",3370.00
Tuesday,FMC-A0815-KM,"ERNEST NYARKO",26,"HARVEST, TITHE, WELFARE","2025-10-01 00:00:00","2026-08-01 00:00:00","2026-08-30 12:41:46",3360.00
Tuesday,FMC-D0810-KM,"ANTHONY NYARKOH",40,"HARVEST, TITHE, WELFARE","2025-10-01 00:00:00","2026-08-01 00:00:00","2026-08-30 10:29:34",3360.00
Friday,FMC-D0312-KM,"EMMANUEL OSEI DONKOR",8,"HARVEST, TITHE, WELFARE","2025-10-01 00:00:00","2026-06-01 00:00:00","2026-06-28 09:33:02",3290.00
Thursday,FMC-K0916-KM,"VERONICA ANNORDJOE",17,"HARVEST, TITHE, WELFARE","2025-10-01 00:00:00","2026-08-01 00:00:00","2026-08-30 13:07:25",3275.00
Monday,FMC-D0722-KM,"EMMANUEL ASABEAH",16,"TITHE, WELFARE","2025-10-01 00:00:00","2026-07-01 00:00:00","2026-09-08 11:14:14",3200.00
Friday,FMC-K0706-KM,"CHARLES EGYIR",5,"TITHE, WELFARE","2025-11-01 00:00:00","2026-05-01 00:00:00","2026-05-24 07:56:48",3200.00
Thursday,FMC-D0709-KM,"MILLICENT ADJEI AGYAPONG",13,"TITHE, WELFARE","2025-11-01 00:00:00","2026-08-01 00:00:00","2026-08-30 10:23:10",3120.00
Friday,FMC-W0606-KM,"GLORIA ANGU",8,"HARVEST, TITHE, WELFARE","2025-12-01 00:00:00","2026-07-01 00:00:00","2026-07-26 08:54:23",3100.00
Thursday,FMC-K0111-KM,"MARTHA BOHAM",37,"HARVEST, TITHE, WELFARE","2025-10-01 00:00:00","2026-09-01 00:00:00","2026-09-06 11:58:55",3100.00
Monday,FMC-W0202-KM,"DANIEL BOHAM",39,"HARVEST, TITHE, WELFARE","2025-09-01 00:00:00","2026-08-01 00:00:00","2026-08-02 09:55:04",3090.00
Monday,FMC-K0102-KM,"ADWOA ODOOM BOSOMA",27,"HARVEST, TITHE, WELFARE","2025-10-01 00:00:00","2026-09-01 00:00:00","2026-09-06 12:01:59",3070.00
Sunday,FMC-A1112-KM,"SAMUEL OTOO",23,"HARVEST, TITHE, WELFARE","2025-11-15 00:00:00","2026-08-01 00:00:00","2026-08-09 09:38:17",3050.00
Thursday,FMC-F0511-KM,"MARGARET ASSAN",40,"HARVEST, TITHE, WELFARE","2025-10-01 00:00:00","2026-08-01 00:00:00","2026-08-30 11:07:04",3030.00
Friday,FMC-D0305-KM,"BEATRICE PAINTSIL",76,"HARVEST, TITHE, WELFARE","2025-09-01 00:00:00","2026-09-01 00:00:00","2026-09-06 12:53:42",3020.00
Tuesday,FMC-K0913-KM,"ELIZABETH AMPONSAH-TAWIAH",27,"HARVEST, OFFERING, TITHE, WELFARE","2025-11-01 00:00:00","2026-08-01 00:00:00","2026-08-31 17:51:56",3000.00
Monday,FMC-D0212-KM,"MENSAH NATHANIEL",23,"HARVEST, TITHE, WELFARE","2025-11-01 00:00:00","2026-09-01 00:00:00","2026-09-06 10:53:51",2950.00
Saturday,FMC-W0602-KM,"PRINCE ASHIE NIKOI",30,"HARVEST, TITHE, WELFARE","2025-10-01 00:00:00","2026-08-01 00:00:00","2026-08-30 11:05:22",2910.00
Wednesday,FMC-W0201-KM,"JOHN BERKOE-KUMI",22,"HARVEST, TITHE, WELFARE","2025-10-01 00:00:00","2026-06-01 00:00:00","2026-06-23 19:40:46",2900.00
Friday,FMC-K0509-KM,"MARGARET ARMOO",23,"HARVEST, TITHE, WELFARE","2025-10-01 00:00:00","2026-08-01 00:00:00","2026-08-09 09:27:07",2870.00
Friday,FMC-A0207-KM,"LOUDIA ASSAN",19,"TITHE, WELFARE","2025-11-01 00:00:00","2026-09-01 00:00:00","2026-09-06 10:14:41",2860.00
Tuesday,FMC-A0706-KM,"PHILOMENA NYARKO",27,"HARVEST, TITHE, WELFARE","2025-10-01 00:00:00","2026-08-01 00:00:00","2026-08-09 09:05:00",2860.00
Monday,FMC-K0307-KM,"KWADWO ANTWI BOASIAKO NKANSAH-POKU",16,"HARVEST, TITHE, WELFARE","2025-10-01 00:00:00","2026-07-01 00:00:00","2026-07-26 12:03:49",2810.00
Sunday,FMC-A0115-KM,"DORCAS NYARKO",37,"HARVEST, TITHE, WELFARE","2025-10-01 00:00:00","2026-08-01 00:00:00","2026-08-30 10:56:09",2810.00
Friday,FMC-A0311-KM,"MABEL OBIRI",34,"HARVEST, TITHE, WELFARE","2025-10-01 00:00:00","2026-08-01 00:00:00","2026-08-30 12:36:16",2780.00
Saturday,FMC-B0121-KM,"ROSE KWANGYAN BOAFO",24,"HARVEST, TITHE, WELFARE","2025-10-01 00:00:00","2026-09-01 00:00:00","2026-09-06 11:11:41",2770.00
Wednesday,FMC-D0122-KM,"CHRISTINA WALKER",27,"HARVEST, TITHE, WELFARE","2025-10-01 00:00:00","2026-08-01 00:00:00","2026-08-09 09:05:05",2750.00
Tuesday,FMC-A0510-KM,"FRANK KOBINA BONSU",9,"HARVEST, TITHE, WELFARE","2025-12-01 00:00:00","2026-06-01 00:00:00","2026-06-21 22:13:31",2700.00
Sunday,FMC-W0217-KM,"BEATRICE BOSOMTWE",29,"HARVEST, TITHE, WELFARE","2025-10-01 00:00:00","2026-09-01 00:00:00","2026-09-06 09:42:44",2700.00
Friday,FMC-A1119-KM,"JOHN ROBINSON",26,"HARVEST, TITHE, WELFARE","2025-10-01 00:00:00","2026-09-01 00:00:00","2026-09-06 12:37:57",2670.00
Tuesday,FMC-A0411-KM,"GIFTY BOTWE",14,"APPEALS, Charity Fund, HARVEST, TITHE, WELFARE","2025-09-01 00:00:00","2026-07-01 00:00:00","2026-07-31 10:26:52",2650.00
Friday,FMC-F0204-KM,"AGNES OBENG",38,"HARVEST, TITHE, WELFARE","2025-09-01 00:00:00","2026-09-01 00:00:00","2026-09-06 11:10:38",2650.00
Monday,FMC-D0114-KM,"GIFTY QUANSAH",23,"HARVEST, TITHE, WELFARE","2025-10-01 00:00:00","2026-09-01 00:00:00","2026-09-06 11:17:51",2650.00
Thursday,FMC-A1301-KM,"FAUSTINA MANFORD",32,"HARVEST, TITHE, WELFARE","2025-10-01 00:00:00","2026-08-01 00:00:00","2026-08-30 09:51:40",2620.00
Wednesday,FMC-K0421-KM,"EVANS KWOFIE",16,"HARVEST, TITHE, WELFARE","2025-10-01 00:00:00","2026-09-01 00:00:00","2026-09-06 11:42:10",2600.00
Tuesday,FMC-K0121-KM,"REGINA ARKOH",31,"HARVEST, TITHE, WELFARE","2025-10-01 00:00:00","2026-08-01 00:00:00","2026-08-30 12:27:27",2540.00
Saturday,FMC-B0602-KM,"ROSEZALIN TIEKU",15,"HARVEST, TITHE, WELFARE","2025-11-15 00:00:00","2026-07-01 00:00:00","2026-07-25 12:57:45",2510.00
Monday,FMC-B0821-KM,"RITA ACQUAH",22,"HARVEST, TITHE, WELFARE","2025-10-01 00:00:00","2026-06-01 00:00:00","2026-06-28 12:58:18",2470.00
Saturday,FMC-B0608-KM,"PORTIA FRIMPOMAA BAIDOO",17,"HARVEST, TITHE, WELFARE","2025-10-01 00:00:00","2026-09-01 00:00:00","2026-09-06 12:30:25",2459.00
Monday,FMC-B0304-KM,"HENRY AMAMOO",50,"HARVEST, TITHE, WELFARE","2025-09-01 00:00:00","2026-08-01 00:00:00","2026-08-30 10:15:40",2410.00
Saturday,FMC-W1013-KM,"ROSEMARY OSEI AMOAKO",33,"HARVEST, TITHE, WELFARE","2025-10-01 00:00:00","2026-09-01 00:00:00","2026-09-06 11:35:25",2400.00
Friday,FMC-K0303-KM,"MICHAEL MARK MENSAH",29,"HARVEST, TITHE, WELFARE","2025-11-01 00:00:00","2026-08-01 00:00:00","2026-08-31 17:48:53",2370.00
Monday,FMC-D0320-KM,"SAMUEL BRIGHT QUAYSON",14,"HARVEST, TITHE, WELFARE","2025-10-01 00:00:00","2026-07-01 00:00:00","2026-07-26 11:22:48",2360.00
Friday,FMC-A1010-KM,"JOB KOFI Mensah",26,"HARVEST, TITHE, WELFARE","2025-10-01 00:00:00","2026-09-01 00:00:00","2026-09-06 12:27:30",2354.00
Saturday,FMC-A1308-KM,"GLORIA ATTOR FRIMPONG",19,"FWB Yesu Bogya Mu, HARVEST, TITHE, WELFARE","2025-09-01 00:00:00","2026-07-01 00:00:00","2026-07-19 11:55:46",2351.00
Thursday,FMC-K0119-KM,"FAUSTINA BOSOMTWE",36,"HARVEST, TITHE, WELFARE","2025-10-01 00:00:00","2026-08-01 00:00:00","2026-08-30 11:23:59",2350.00
Tuesday,FMC-W0501-KM,"HENRY MARTEY DARPOH",25,"HARVEST, TITHE, WELFARE","2025-10-01 00:00:00","2026-08-01 00:00:00","2026-08-30 10:52:58",2341.00
Saturday,FMC-F0317-KM,"DORIS ABEKAH",25,"HARVEST, TITHE, WELFARE","2025-10-01 00:00:00","2026-08-01 00:00:00","2026-08-30 12:31:19",2340.00
Tuesday,FMC-A1017-KM,"REGINA FRIMPONG",26,"HARVEST, TITHE, WELFARE","2025-10-01 00:00:00","2026-08-01 00:00:00","2026-08-02 12:38:56",2330.00
Tuesday,FMC-D0409-KM,"LYDIA SAM",32,"HARVEST, TITHE, WELFARE","2025-10-01 00:00:00","2026-07-01 00:00:00","2026-07-26 10:13:03",2330.00
Sunday,FMC-F0423-KM,"LILIAN BAAH",27,"HARVEST, TITHE, WELFARE","2025-10-01 00:00:00","2026-08-01 00:00:00","2026-08-30 11:00:48",2320.00
Friday,FMC-A0507-KM,"TABITHA LOOYE MENSAH",15,"HARVEST, TITHE, WELFARE","2025-10-01 00:00:00","2026-06-01 00:00:00","2026-06-28 12:25:41",2300.00
Saturday,FMC-A0518-KM,"OBED NANA KWAME PAINTSIL",10,"TITHE, WELFARE","2025-11-01 00:00:00","2026-07-01 00:00:00","2026-07-26 12:16:08",2300.00
Monday,FMC-K0312-KM,"PRINCE ASANTE",16,"OFFERING, TITHE, WELFARE","2026-01-01 00:00:00","2026-08-01 00:00:00","2026-08-30 13:30:37",2290.00
Thursday,FMC-A0320-KM,"FREDA CUDJOE",41,"HARVEST, TITHE, WELFARE","2025-09-01 00:00:00","2026-08-01 00:00:00","2026-08-30 11:18:48",2290.00
Wednesday,FMC-A1208-KM,"CELESTE LADONU",13,"HARVEST, TITHE, WELFARE","2025-11-01 00:00:00","2026-08-01 00:00:00","2026-08-31 20:16:13",2270.00
Wednesday,FMC-K0523-KM,"CECILIA ESSIEN",15,"HARVEST, TITHE, WELFARE","2025-10-01 00:00:00","2026-08-01 00:00:00","2026-08-02 12:08:03",2260.00
Friday,FMC-A1516-KM,"MERCY APSONDASEY",26,"HARVEST, TITHE, WELFARE","2025-11-01 00:00:00","2026-09-01 00:00:00","2026-09-06 11:47:33",2250.00
Monday,FMC-B0811-KM,"HARRIET KATE",24,"HARVEST, TITHE, WELFARE","2025-10-01 00:00:00","2026-09-01 00:00:00","2026-09-06 10:53:11",2250.00
Thursday,FMC-D0306-KM,"CECILIA ASSAN",43,"HARVEST, TITHE, WELFARE","2025-10-01 00:00:00","2026-09-01 00:00:00","2026-09-06 09:39:46",2245.00
Wednesday,FMC-K0909-KM,"EUGENIA BRAKOA",9,"HARVEST, TITHE, WELFARE","2025-12-01 00:00:00","2026-08-01 00:00:00","2026-08-09 09:19:13",2210.00
Friday,FMC-W0507-KM,"VERONICA FRIMPONG",16,"HARVEST, TITHE, WELFARE","2025-10-01 00:00:00","2026-07-01 00:00:00","2026-07-19 10:18:31",2210.00
Tuesday,FMC-B0607-KM,"LETICIA AKYEREKO",19,"HARVEST, TITHE, WELFARE","2025-11-01 00:00:00","2026-08-01 00:00:00","2026-08-30 11:56:30",2200.00
Thursday,FMC-K0401-KM,"SETH KITTOE DADSON",34,"HARVEST, TITHE, WELFARE","2025-10-01 00:00:00","2026-08-01 00:00:00","2026-08-31 17:51:56",2200.00
Wednesday,FMC-W0701-KM,"BETTY EMMA MINNAH",11,"HARVEST, TITHE, WELFARE","2025-11-01 00:00:00","2026-05-01 00:00:00","2026-05-31 11:50:33",2200.00
Wednesday,FMC-D0701-KM,"FAUSTINA AKUA AMAKO OPOKU BRIJUU",12,"HARVEST, TITHE, WELFARE","2025-10-01 00:00:00","2026-08-01 00:00:00","2026-08-09 11:02:27",2200.00
Tuesday,FMC-F0810-KM,"EBENEZER TETTEH",18,"TITHE, WELFARE","2025-10-01 00:00:00","2026-06-01 00:00:00","2026-06-07 10:58:25",2200.00
Saturday,FMC-K0613-KM,"KWAMENA ACKAH",31,"HARVEST, TITHE, WELFARE","2025-10-01 00:00:00","2026-08-01 00:00:00","2026-08-30 10:37:08",2180.00
Monday,FMC-K0520-KM,"FREDERICK FRIMPONG",25,"HARVEST, TITHE, WELFARE","2025-11-01 00:00:00","2026-07-01 00:00:00","2026-07-19 13:34:54",2180.00
Friday,FMC-A0106-KM,"ERIC PAINTSIL",13,"HARVEST, TITHE, WELFARE","2025-11-01 00:00:00","2026-06-01 00:00:00","2026-06-21 10:47:39",2180.00
Thursday,FMC-W0806-KM,"BENJAMIN BAIDOO",31,"HARVEST, TITHE, WELFARE","2025-10-01 00:00:00","2026-08-01 00:00:00","2026-08-31 18:28:20",2170.00
Friday,FMC-F0202-KM,"EMELIA ADDAE",41,"HARVEST, TITHE, WELFARE","2025-10-01 00:00:00","2026-08-01 00:00:00","2026-08-31 18:23:32",2160.00
Thursday,FMC-D0721-KM,"SYLVIA ENTSIR",30,"HARVEST, TITHE, WELFARE","2025-09-01 00:00:00","2026-08-01 00:00:00","2026-08-30 10:37:08",2150.00
Wednesday,FMC-D0211-KM,"FREDICIA AMAALEY GHARTEY",14,"TITHE, WELFARE","2025-11-01 00:00:00","2026-08-01 00:00:00","2026-08-30 11:01:08",2150.00
Tuesday,FMC-F0111-KM,"MARGARET NYARKO",29,"HARVEST, TITHE, WELFARE","2025-10-01 00:00:00","2026-08-01 00:00:00","2026-08-30 13:03:36",2150.00
Sunday,FMC-W0901-KM,"JOHN AMONOO",29,"HARVEST, TITHE, WELFARE","2025-10-01 00:00:00","2026-08-01 00:00:00","2026-08-30 12:28:46",2120.00
Thursday,FMC-K0619-KM,"MARY AINOO",32,"HARVEST, TITHE, WELFARE","2025-10-01 00:00:00","2026-08-01 00:00:00","2026-08-02 10:17:26",2110.00
Sunday,FMC-A0903-KM,"DORA KUMI",45,"HARVEST, TITHE, WELFARE","2025-10-01 00:00:00","2026-09-01 00:00:00","2026-09-06 11:33:18",2105.00
Monday,FMC-A0110-KM,"CONSTANCE OFORI-ASANTE",10,"TITHE, WELFARE","2025-10-01 00:00:00","2026-07-01 00:00:00","2026-08-09 09:38:34",2100.00
Tuesday,FMC-B0911-KM,"SUSANA QUAYSON",8,"HARVEST, TITHE, WELFARE","2026-02-01 00:00:00","2026-08-01 00:00:00","2026-08-09 11:15:12",2100.00
Monday,FMC-B0902-KM,"DANIEL MENSAH",23,"HARVEST, TITHE, WELFARE","2025-09-01 00:00:00","2026-06-01 00:00:00","2026-06-14 10:04:39",2060.00
Saturday,FMC-A0723-KM,"BENJAMIN ASAMOAH",25,"APPEALS, Education Support, FWB Yesu Bogya Mu, TITHE, WELFARE","2025-09-01 00:00:00","2026-08-01 00:00:00","2026-08-30 11:23:59",2054.00
Sunday,FMC-A0109-KM,"DORCAS ESI BAIDOO",22,"TITHE, WELFARE","2025-10-01 00:00:00","2026-08-01 00:00:00","2026-08-30 11:23:59",2050.00
Tuesday,FMC-D0210-KM,"AYITEY FAUSTINA",26,"HARVEST, TITHE, WELFARE","2025-11-15 00:00:00","2026-08-01 00:00:00","2026-08-30 10:58:17",2050.00
Monday,FMC-A1207-KM,"CONSTANCE BOADU",41,"HARVEST, TITHE, WELFARE","2025-10-01 00:00:00","2026-08-01 00:00:00","2026-08-02 12:41:24",2040.00
Monday,FMC-A1305-KM,"EDNA MARFO",16,"HARVEST, TITHE, WELFARE","2025-11-01 00:00:00","2026-08-01 00:00:00","2026-08-30 10:24:53",2020.00
Saturday,FMC-D0821-KM,"MATTHEW ESHUN",1,HARVEST,"2025-12-01 00:00:00","2025-12-01 00:00:00","2025-12-07 12:57:51",2000.00
Sunday,FMC-B0709-KM,"MERCY GYANIE",14,"HARVEST, TITHE, WELFARE","2025-10-01 00:00:00","2026-08-01 00:00:00","2026-08-30 12:24:58",2000.00
Monday,FMC-F0925-KM,"DESMOND KPANGA",3,TITHE,"2026-05-01 00:00:00","2026-07-01 00:00:00","2026-08-09 10:34:15",2000.00
Monday,FMC-B0601-KM,"FRANCIS TAWIAH",6,HARVEST,"2025-11-15 00:00:00","2026-04-01 00:00:00","2026-04-26 11:23:19",2000.00
Wednesday,FMC-A0702-KM,"GLADYS MENSAH",24,"Charity Fund, FWB Yesu Bogya Mu, Grace Box, HARVEST, Project Support, TITHE, WELFARE","2025-09-01 00:00:00","2026-08-01 00:00:00","2026-08-30 11:22:11",1971.00
Friday,FMC-W0401-KM,"FAUSTINA NORGAH",35,"HARVEST, TITHE, WELFARE","2025-11-01 00:00:00","2026-08-01 00:00:00","2026-08-02 11:31:26",1970.00
Tuesday,FMC-B0201-KM,"BENNETH BOAKO KOOMSON",32,"HARVEST, TITHE, WELFARE","2025-07-01 00:00:00","2026-08-01 00:00:00","2026-08-30 11:58:05",1950.00
Saturday,FMC-K0717-KM,"ROSEMOND NAA DEDI ARYEETEY NYARKOH",15,"HARVEST, TITHE, WELFARE","2025-12-01 00:00:00","2026-08-01 00:00:00","2026-08-02 12:06:43",1950.00
Thursday,FMC-D0103-KM,"BETTY ADDISU",20,"HARVEST, TITHE, WELFARE","2025-11-15 00:00:00","2026-09-01 00:00:00","2026-09-06 20:58:18",1940.00
Thursday,FMC-A0202-KM,"ABRAHAM KOOMSOM BAIDOO",34,"Charity Fund, FWB Yesu Bogya Mu, Grace Box, HARVEST, Morning Prayer, TITHE, WELFARE","2025-07-01 00:00:00","2026-08-01 00:00:00","2026-08-30 10:52:58",1930.00
Saturday,FMC-W0206-KM,"MARY ABBAM",36,"HARVEST, TITHE, WELFARE","2025-10-01 00:00:00","2026-08-01 00:00:00","2026-08-30 10:52:58",1920.00
Tuesday,FMC-K0406-KM,"VIDA NYARKOH",29,"HARVEST, TITHE, WELFARE","2025-10-01 00:00:00","2026-08-01 00:00:00","2026-08-30 10:09:16",1920.00
Friday,FMC-A0123-KM,"ROSE CUDJOE",28,"HARVEST, TITHE, WELFARE","2025-10-01 00:00:00","2026-09-01 00:00:00","2026-09-06 10:44:34",1910.00
Friday,FMC-B0803-KM,"EDWIN CHRISTIAN",22,"HARVEST, TITHE, WELFARE","2025-09-01 00:00:00","2026-08-01 00:00:00","2026-08-02 12:31:21",1900.20
Friday,FMC-D0115-KM,"GLORIA BELONNA ASAHIN",11,"HARVEST, TITHE, WELFARE","2025-11-01 00:00:00","2026-08-01 00:00:00","2026-08-30 10:44:43",1900.00
Friday,FMC-D0101-KM,"GEORGE KOW KESSE MACLEAN",14,"HARVEST, TITHE, WELFARE","2025-10-01 00:00:00","2026-05-01 00:00:00","2026-05-31 11:26:41",1900.00
Thursday,FMC-A1503-KM,"EVELYN OKAE-ASARE",3,"HARVEST, TITHE, WELFARE","2025-12-01 00:00:00","2025-12-01 00:00:00","2025-12-28 12:16:56",1900.00
Wednesday,FMC-F0601-KM,"JOSEPH AFFUL",32,"HARVEST, TITHE, WELFARE","2025-10-01 00:00:00","2026-09-01 00:00:00","2026-09-06 12:19:18",1890.00
Saturday,FMC-W0805-KM,"ROSE AIDOO",38,"HARVEST, TITHE, WELFARE","2025-09-01 00:00:00","2026-09-01 00:00:00","2026-09-06 12:15:02",1890.00
Saturday,FMC-F0320-KM,"LYDIA BONNEY",17,"HARVEST, TITHE, WELFARE","2025-09-01 00:00:00","2026-08-01 00:00:00","2026-08-02 11:27:20",1890.00
Thursday,FMC-A0701-KM,"EMMANUEL KINGSLEY SOMEHWE",12,"TITHE, WELFARE","2026-04-01 00:00:00","2026-09-01 00:00:00","2026-09-06 10:03:17",1890.00
Friday,FMC-A0610-KM,"OLIVIA AMANQUAH",33,"HARVEST, TITHE, WELFARE","2025-10-01 00:00:00","2026-08-01 00:00:00","2026-08-30 10:42:01",1880.00
Wednesday,FMC-K0524-KM,"VERONICA ANDOLE",22,"HARVEST, TITHE, WELFARE","2025-09-01 00:00:00","2026-08-01 00:00:00","2026-08-30 11:31:59",1860.00
Sunday,FMC-B0117-KM,"SANDRA OPOKU",17,"HARVEST, TITHE, WELFARE","2025-11-01 00:00:00","2026-07-01 00:00:00","2026-07-26 10:02:27",1860.00
Friday,FMC-F0408-KM,"PRISCILLA ELLEN QUARMSON",42,"HARVEST, TITHE, WELFARE","2025-09-01 00:00:00","2026-09-01 00:00:00","2026-09-06 11:36:40",1860.00
Tuesday,FMC-A0821-KM,"EWURABENA IDAN ANGU",16,"HARVEST, TITHE","2025-09-01 00:00:00","2026-09-01 00:00:00","2026-09-09 08:53:14",1851.00
Saturday,FMC-A0703-KM,"GEORGINA BAKARE",7,"HARVEST, TITHE, WELFARE","2025-12-01 00:00:00","2026-04-01 00:00:00","2026-04-19 08:53:49",1840.00
Sunday,FMC-F0207-KM,"AGNES BOTWE",69,"HARVEST, Jericho Hour, TITHE, WELFARE","2025-09-01 00:00:00","2026-08-01 00:00:00","2026-08-30 12:55:25",1832.00
Thursday,FMC-D0123-KM,"FLORENCE ONUMAH",13,"HARVEST, TITHE, WELFARE","2025-10-01 00:00:00","2026-07-01 00:00:00","2026-07-26 10:04:32",1830.00
Friday,FMC-D0324-KM,"THERESA BOADI",18,"HARVEST, TITHE, WELFARE","2025-10-01 00:00:00","2026-08-01 00:00:00","2026-08-31 18:01:54",1820.00
Tuesday,FMC-K0113-KM,"JOSEPHINE ATTA WALTERS",51,"HARVEST, TITHE, WELFARE","2025-09-01 00:00:00","2026-09-01 00:00:00","2026-09-06 12:20:34",1810.00
Saturday,FMC-A1306-KM,"EMMANUEL AKLI",18,"TITHE, WELFARE","2025-10-01 00:00:00","2026-08-01 00:00:00","2026-08-30 10:24:53",1805.00
Tuesday,FMC-F0701-KM,"LINDA VICTORIA NTI",29,"HARVEST, TITHE, WELFARE","2025-10-01 00:00:00","2026-06-01 00:00:00","2026-06-23 19:40:46",1800.00
Thursday,FMC-A0212-KM,"SOPHIA PRAH",24,"HARVEST, TITHE, WELFARE","2025-10-01 00:00:00","2026-08-01 00:00:00","2026-08-09 09:57:07",1800.00
Friday,FMC-A0401-KM,"EBENEZER KOBENA BENTUM",16,"HARVEST, TITHE, WELFARE","2025-08-01 00:00:00","2026-04-01 00:00:00","2026-05-24 10:03:44",1790.00
Thursday,FMC-W0103-KM,"PHILIP ERSKINE",35,"HARVEST, TITHE, WELFARE","2025-11-01 00:00:00","2026-07-01 00:00:00","2026-07-19 10:24:51",1790.00
Saturday,FMC-F0405-KM,"FRANCIS NUMUAH",19,"HARVEST, TITHE, WELFARE","2025-10-01 00:00:00","2026-09-01 00:00:00","2026-09-06 10:21:58",1790.00
Thursday,FMC-A0117-KM,"PAULINA PRAH",42,"HARVEST, TITHE, WELFARE","2025-10-01 00:00:00","2026-09-01 00:00:00","2026-09-06 11:34:21",1790.00
Monday,FMC-A1201-KM,"NICHOLAS FREEMAN APPIAH",25,"Education Support, FWB Yesu Bogya Mu, HARVEST, TITHE, WELFARE","2025-09-01 00:00:00","2026-06-01 00:00:00","2026-06-28 10:10:18",1782.00
Tuesday,FMC-W0121-KM,"SUSANA ANDOH",26,"HARVEST, TITHE, WELFARE","2025-11-01 00:00:00","2026-09-01 00:00:00","2026-09-06 12:35:30",1780.00
Tuesday,FMC-K0417-KM,"JANET ABAKAH",22,"HARVEST, TITHE, WELFARE","2025-11-01 00:00:00","2026-07-01 00:00:00","2026-07-05 10:48:31",1775.00
Friday,FMC-D0706-KM,"SANDRA ODURO",27,"HARVEST, TITHE, WELFARE","2025-10-01 00:00:00","2026-08-01 00:00:00","2026-08-31 18:06:12",1770.00
Saturday,FMC-A0108-KM,"ERICA MENSAH",27,"HARVEST, TITHE, WELFARE","2025-10-01 00:00:00","2026-09-01 00:00:00","2026-09-06 09:46:18",1750.00
Friday,FMC-A0206-KM,"EBENEZER TURKSON",6,TITHE,"2026-01-01 00:00:00","2026-06-01 00:00:00","2026-07-27 14:06:11",1750.00
Tuesday,FMC-B0820-KM,"JENNIFER QUAINOO",31,"HARVEST, TITHE, WELFARE","2025-10-01 00:00:00","2026-08-01 00:00:00","2026-08-30 10:47:41",1746.00
Wednesday,FMC-F0306-KM,"GLADYS DUNTU",35,"HARVEST, TITHE, WELFARE","2025-11-01 00:00:00","2026-08-01 00:00:00","2026-08-09 08:56:55",1745.00
Friday,FMC-K0403-KM,"ISAAC KWEKU EWUR",47,"HARVEST, TITHE, WELFARE","2025-09-01 00:00:00","2026-08-01 00:00:00","2026-08-30 11:52:43",1740.00
Sunday,FMC-W0514-KM,"BEATRICE ANDERSON",20,"HARVEST, TITHE, WELFARE","2025-11-01 00:00:00","2026-08-01 00:00:00","2026-08-02 10:59:56",1730.00
Wednesday,FMC-W0311-KM,"VICTORIA TAKYI",32,"HARVEST, TITHE, WELFARE","2025-10-01 00:00:00","2026-09-01 00:00:00","2026-09-06 12:35:30",1720.00
Wednesday,FMC-F0224-KM,"HETTY ABBAN",10,"HARVEST, TITHE, WELFARE","2025-09-01 00:00:00","2026-08-01 00:00:00","2026-08-31 07:20:04",1710.00
Monday,FMC-D1011-KM,"LORD DE-GRAFT ROBINSON",14,"HARVEST, TITHE, WELFARE","2025-12-01 00:00:00","2026-09-01 00:00:00","2026-09-06 12:53:42",1700.00
Tuesday,FMC-D0809-KM,"AGNES SELBY",17,"HARVEST, TITHE, WELFARE","2025-09-01 00:00:00","2026-07-01 00:00:00","2026-07-26 10:07:32",1700.00
Monday,FMC-B0720-KM,"MARGARET OFFEIBEA ANSONG",6,"TITHE, WELFARE","2026-07-01 00:00:00","2026-09-01 00:00:00","2026-09-06 10:40:00",1691.00
Friday,FMC-D0304-KM,"ALICE OWUSU HAMMOND",28,"HARVEST, TITHE, WELFARE","2025-10-01 00:00:00","2026-08-01 00:00:00","2026-08-02 10:24:14",1690.00
Tuesday,FMC-B0702-KM,"THOMAS KOFI",18,"HARVEST, TITHE, WELFARE","2025-10-01 00:00:00","2026-03-01 00:00:00","2026-03-29 11:08:25",1690.00
Friday,FMC-D0805-KM,"GLADYS ANDOH",31,"HARVEST, TITHE, WELFARE","2025-10-01 00:00:00","2026-07-01 00:00:00","2026-07-26 12:40:29",1680.00
Tuesday,FMC-K0203-KM,"CECILIA EFUA ARHIN",40,"HARVEST, TITHE, WELFARE","2025-10-01 00:00:00","2026-08-01 00:00:00","2026-08-30 11:22:53",1680.00
Tuesday,FMC-K0106-KM,"DOMINIC BAIDOO",20,"HARVEST, TITHE, WELFARE","2025-10-01 00:00:00","2026-08-01 00:00:00","2026-08-09 09:01:18",1680.00
Monday,FMC-W0502-KM,"GEORGINA BAAH",10,"HARVEST, TITHE, WELFARE","2025-11-15 00:00:00","2026-05-01 00:00:00","2026-05-24 10:10:27",1670.00
Sunday,FMC-D0106-KM,"CATHERINE ESSOUN",28,"HARVEST, TITHE, WELFARE","2025-10-01 00:00:00","2026-08-01 00:00:00","2026-08-30 10:37:08",1670.00
Saturday,FMC-W0607-KM,"CECILIA MENSAH",31,"HARVEST, TITHE, WELFARE","2025-09-01 00:00:00","2026-08-01 00:00:00","2026-08-31 18:28:20",1665.00
Thursday,FMC-W0604-KM,"ALEX SAMPSON AIDOO",14,"HARVEST, TITHE, WELFARE","2025-10-01 00:00:00","2026-08-01 00:00:00","2026-08-02 10:09:27",1660.00
Friday,FMC-W0302-KM,"AUGUSTINA AMAMOO",29,"HARVEST, TITHE, WELFARE","2025-10-01 00:00:00","2026-08-01 00:00:00","2026-08-30 13:05:52",1660.00
Sunday,FMC-A0604-KM,"BRIGHT ASARE",23,"HARVEST, TITHE, WELFARE","2025-10-01 00:00:00","2026-09-01 00:00:00","2026-09-06 10:00:47",1650.00
Sunday,FMC-K0911-KM,"SALOMEY BAIDOO",22,"TITHE, WELFARE","2025-10-01 00:00:00","2026-08-01 00:00:00","2026-08-30 11:23:59",1650.00
Friday,FMC-W0804-KM,"JOSEPH CUDJOE",28,"HARVEST, TITHE, WELFARE","2025-10-01 00:00:00","2026-08-01 00:00:00","2026-08-09 09:05:00",1650.00
Thursday,FMC-K0110-KM,"SAMUEL OPARE OUIST",25,"HARVEST, TITHE, WELFARE","2025-10-01 00:00:00","2026-09-01 00:00:00","2026-09-06 11:20:56",1640.00
Sunday,FMC-W0619-KM,"SAMUEL PAINTSIL",35,"HARVEST, TITHE, WELFARE","2025-11-01 00:00:00","2026-08-01 00:00:00","2026-08-30 12:33:42",1630.00
Sunday,FMC-W0111-KM,"COMFORT ABEKAH",19,"HARVEST, TITHE, WELFARE","2025-11-01 00:00:00","2026-08-01 00:00:00","2026-08-30 12:24:58",1620.00
Sunday,FMC-D0604-KM,"SIMON KWESI OKYERE BOAFO",28,"HARVEST, TITHE, WELFARE","2025-10-01 00:00:00","2026-07-01 00:00:00","2026-07-05 10:08:13",1620.00
Monday,FMC-K0809-KM,"KOFI ATTA NANABEN",112,"HARVEST, TITHE, WELFARE","2025-09-01 00:00:00","2026-09-01 00:00:00","2026-09-06 12:20:47",1620.00
Tuesday,FMC-B0510-KM,"REBECCA KOOMSON",28,"HARVEST, TITHE, WELFARE","2025-09-01 00:00:00","2026-08-01 00:00:00","2026-08-31 18:23:32",1610.00
Tuesday,FMC-D1018-KM,"JENNIFER ALI",40,"HARVEST, TITHE, WELFARE","2025-10-01 00:00:00","2026-08-01 00:00:00","2026-08-31 17:58:41",1605.00
Thursday,FMC-K0905-KM,"SIMON ACQUAH",28,"HARVEST, TITHE, WELFARE","2025-07-01 00:00:00","2026-08-01 00:00:00","2026-08-30 10:52:58",1600.50
Wednesday,FMC-K0209-KM,"JOHN KWEKU DICKSON",25,"HARVEST, TITHE, WELFARE","2025-09-01 00:00:00","2026-07-01 00:00:00","2026-07-26 12:16:14",1600.50
Sunday,FMC-F0401-KM,"CHRISTIANA ROCKSON",33,"HARVEST, TITHE, WELFARE","2025-10-01 00:00:00","2026-08-01 00:00:00","2026-08-09 08:56:55",1590.00
Saturday,FMC-B0805-KM,"FELICIA DONKOR",30,"HARVEST, TITHE, WELFARE","2025-10-01 00:00:00","2026-08-01 00:00:00","2026-08-02 10:57:50",1580.00
Tuesday,FMC-A0215-KM,"FRANCIS QUAYSON",23,"HARVEST, TITHE, WELFARE","2025-10-01 00:00:00","2026-08-01 00:00:00","2026-08-30 10:42:01",1565.00
Friday,FMC-D0216-KM,"NYARKO COMFORT",26,"HARVEST, TITHE, WELFARE","2025-10-01 00:00:00","2026-08-01 00:00:00","2026-08-30 10:36:30",1560.00
Thursday,FMC-B0415-KM,"EMMANUEL GYETHUA AFARI",6,"TITHE, WELFARE","2026-01-01 00:00:00","2026-05-01 00:00:00","2026-05-31 12:35:13",1540.00
Saturday,FMC-K0125-KM,"Ekow Mensah",87,"Unclassified, APPEALS, Charity Fund, Education Support, FWB Yesu Bogya Mu, Grace Box, HARVEST, Jericho Hour, MDF, Monthly Offering/Kofi & Ama, OFFERING, Outlook Support, Project Support, SOMBI, TITHE, WELFARE","2024-10-01 00:00:00","2026-06-01 00:00:00","2026-09-15 06:42:10",1537.63
Thursday,FMC-W0811-KM,"HAGAR KWAAKYE",25,"HARVEST, TITHE, WELFARE","2025-09-01 00:00:00","2026-08-01 00:00:00","2026-08-30 13:44:01",1530.00
Thursday,FMC-W0601-KM,"VIDA BANNERMAN",23,"HARVEST, TITHE, WELFARE","2025-10-01 00:00:00","2026-08-01 00:00:00","2026-08-30 13:34:14",1520.00
Saturday,FMC-A0923-KM,"GIFTY OBENG",11,"HARVEST, TITHE, WELFARE","2026-05-01 00:00:00","2026-08-01 00:00:00","2026-08-09 11:10:59",1520.00
Saturday,FMC-F0602-KM,"THERESAH AMISSAH",31,"HARVEST, TITHE, WELFARE","2025-10-01 00:00:00","2026-08-01 00:00:00","2026-08-09 08:51:12",1510.00
Friday,FMC-B0113-KM,"MERCY BLANKSON",38,"HARVEST, TITHE, WELFARE","2025-09-01 00:00:00","2026-08-01 00:00:00","2026-08-30 10:29:16",1510.00
Tuesday,FMC-B0712-KM,"EMMNAUEL BOATENG",16,"HARVEST, TITHE, WELFARE","2025-10-01 00:00:00","2026-08-01 00:00:00","2026-08-30 09:56:15",1510.00
Tuesday,FMC-A0113-KM,"COMFORT ESSUMAN",40,"HARVEST, TITHE, WELFARE","2025-10-01 00:00:00","2026-07-01 00:00:00","2026-07-26 10:20:08",1510.00
Saturday,FMC-W0403-KM,"ISAAC YANKEY",44,"HARVEST, TITHE, WELFARE","2025-10-01 00:00:00","2026-09-01 00:00:00","2026-09-06 12:40:44",1510.00
Friday,FMC-A0505-KM,"PAULINA JOHNFIAH",35,"HARVEST, TITHE, WELFARE","2025-05-01 00:00:00","2026-08-01 00:00:00","2026-08-30 11:16:37",1505.10
Monday,FMC-D0802-KM,"ISAAC ESHUN",64,"HARVEST, TITHE, WELFARE","2025-11-01 00:00:00","2026-08-01 00:00:00","2026-08-30 11:24:56",1505.00
Tuesday,FMC-F0510-KM,"JOANA OBENG",41,"HARVEST, TITHE, WELFARE","2025-10-01 00:00:00","2026-09-01 00:00:00","2026-09-06 12:17:06",1505.00
Monday,FMC-F0107-KM,"CHARLOTTE MANFUL SAM",36,"Charity Fund, Education Support, HARVEST, TITHE, WELFARE","2025-07-01 00:00:00","2026-08-01 00:00:00","2026-08-30 09:27:42",1505.00
Saturday,FMC-K0511-KM,"ESTHER ABBEY",9,"HARVEST, TITHE, WELFARE","2025-10-01 00:00:00","2026-05-01 00:00:00","2026-05-17 12:13:28",1500.00
Sunday,FMC-F0410-KM,"AGATHA BLAY AKAINYAA",10,"TITHE, WELFARE","2025-12-01 00:00:00","2026-09-01 00:00:00","2026-09-06 10:17:40",1500.00
Wednesday,FMC-A0910-KM,"DANIEL KWEKU BAIDOO",20,"TITHE, WELFARE","2025-11-01 00:00:00","2026-08-01 00:00:00","2026-08-30 11:23:59",1500.00
Tuesday,FMC-W0505-KM,"DOROTHY OFFEI",8,"TITHE, WELFARE","2025-11-01 00:00:00","2026-07-01 00:00:00","2026-07-12 08:37:06",1500.00
Friday,FMC-B0816-KM,"FRANCIS QUAYSON",7,"HARVEST, TITHE, WELFARE","2025-11-01 00:00:00","2026-05-01 00:00:00","2026-05-31 11:47:16",1500.00
Wednesday,FMC-F0724-KM,"ISSABELLA AMA YEBOAH",2,"TITHE, WELFARE","2026-04-01 00:00:00","2026-04-01 00:00:00","2026-04-19 12:02:58",1500.00
Monday,FMC-D0912-KM,"SOPHIA ARTHUR",40,"HARVEST, TITHE, WELFARE","2025-10-01 00:00:00","2026-08-01 00:00:00","2026-08-09 09:23:34",1490.00
Sunday,FMC-A0501-KM,"JEMIMA IVY ESHUN",26,"HARVEST, TITHE, WELFARE","2025-10-01 00:00:00","2026-07-01 00:00:00","2026-07-12 10:55:47",1490.00
Saturday,FMC-A0921-KM,"JOSEPH NUNOO",16,"TITHE, WELFARE","2025-12-01 00:00:00","2026-08-01 00:00:00","2026-08-30 10:48:27",1485.00
Friday,FMC-W0406-KM,"AGNES KWOFIE",39,"HARVEST, TITHE, WELFARE","2025-10-01 00:00:00","2026-08-01 00:00:00","2026-08-09 08:47:21",1480.00
Wednesday,FMC-A0503-KM,"GLORIA KWUKWA YEBOAH",22,"TITHE, WELFARE","2025-09-01 00:00:00","2026-08-01 00:00:00","2026-08-02 11:14:20",1474.00
Thursday,FMC-B0509-KM,"EMMANUEL KOOMSON",26,"HARVEST, TITHE, WELFARE","2025-11-01 00:00:00","2026-08-01 00:00:00","2026-08-31 18:20:16",1470.00
Saturday,FMC-W0812-KM,"AGNES MENSAH",16,"TITHE, WELFARE","2025-10-01 00:00:00","2026-08-01 00:00:00","2026-08-09 09:13:35",1470.00
Tuesday,FMC-F0425-KM,"FELIX EYIAH KOOMSON",12,"TITHE, WELFARE","2025-11-01 00:00:00","2026-05-01 00:00:00","2026-05-31 12:12:34",1460.00
Tuesday,FMC-B0103-KM,"EBENEZER OPOKU",6,"HARVEST, TITHE, WELFARE","2025-11-01 00:00:00","2026-06-01 00:00:00","2026-06-28 09:44:40",1460.00
Tuesday,FMC-F0316-KM,"HANNAH OTOBOAH",28,"HARVEST, TITHE, WELFARE","2025-10-01 00:00:00","2026-08-01 00:00:00","2026-08-30 12:49:58",1460.00
Wednesday,FMC-B0703-KM,"DORIS ACKONSON",30,"HARVEST, TITHE, WELFARE","2025-10-01 00:00:00","2026-08-01 00:00:00","2026-08-30 11:02:54",1450.00
Sunday,FMC-A0410-KM,"VICTORIA AMANDEH AKASI",16,"HARVEST, TITHE, WELFARE","2025-11-15 00:00:00","2026-08-01 00:00:00","2026-08-09 11:17:53",1450.00
Monday,FMC-K0419-KM,"ROSEMOND OWUSU OKYERE",13,"HARVEST, TITHE, WELFARE","2025-11-15 00:00:00","2026-08-01 00:00:00","2026-08-02 12:09:20",1450.00
Tuesday,FMC-W0909-KM,"ESTHER ACQUAH",40,"HARVEST, TITHE, WELFARE","2025-11-01 00:00:00","2026-08-01 00:00:00","2026-08-30 09:56:15",1430.00
Sunday,FMC-D0502-KM,"BENEDICTA SACKEY",38,"HARVEST, TITHE, WELFARE","2025-10-01 00:00:00","2026-09-01 00:00:00","2026-09-06 11:32:24",1430.00
Sunday,FMC-B0610-KM,"LORETTA CUDJOE",18,"TITHE, WELFARE","2025-10-01 00:00:00","2026-09-01 00:00:00","2026-09-06 10:34:00",1420.00
Monday,FMC-F0905-KM,"JACOB FRANCIS KWESI ARYEE",18,"APPEALS, Charity Fund, Education Support, Grace Box, HARVEST, OFFERING, TITHE","2025-09-01 00:00:00","2026-06-01 00:00:00","2026-06-09 19:13:32",1416.00
Monday,FMC-B0915-KM,"EUNICE AMI",8,"TITHE, WELFARE","2026-05-01 00:00:00","2026-07-01 00:00:00","2026-07-26 13:28:27",1400.00
Friday,FMC-A0801-KM,"ERNEST FRANCIS KWESI PRAH",23,"HARVEST, TITHE, WELFARE","2025-10-01 00:00:00","2026-07-01 00:00:00","2026-07-26 10:55:45",1400.00
Tuesday,FMC-W0203-KM,"GRACE NKETSIAH",48,"HARVEST, TITHE, WELFARE","2025-10-01 00:00:00","2026-09-01 00:00:00","2026-09-06 12:07:33",1390.00
Monday,FMC-D0613-KM,"ELIZABETH EKUSON",25,"HARVEST, TITHE, WELFARE","2025-10-01 00:00:00","2026-08-01 00:00:00","2026-08-30 14:03:44",1380.00
Friday,FMC-F0409-KM,"ROSE SUNNEY",68,"HARVEST, TITHE, WELFARE","2025-09-01 00:00:00","2026-08-01 00:00:00","2026-08-30 11:24:56",1375.00
Friday,FMC-K0211-KM,"LUCY BLAY",36,"HARVEST, TITHE, WELFARE","2025-09-01 00:00:00","2026-08-01 00:00:00","2026-08-09 09:12:11",1370.00
Tuesday,FMC-A0814-KM,"MARGARET MAGDALENE TWEIKU",12,"HARVEST, TITHE, WELFARE","2025-12-01 00:00:00","2026-08-01 00:00:00","2026-08-09 11:29:31",1370.00
Saturday,FMC-D0724-KM,"MERCY BONDZIE",9,"HARVEST, TITHE, WELFARE","2025-12-01 00:00:00","2026-08-01 00:00:00","2026-08-30 10:46:18",1365.00
Thursday,FMC-K0801-KM,"JOHN KINGSLEY MENSAH",34,"HARVEST, TITHE, WELFARE","2025-10-01 00:00:00","2026-09-01 00:00:00","2026-09-06 12:19:20",1360.00
Monday,FMC-A0118-KM,"ESTHER BOFFAH",22,"HARVEST, TITHE, WELFARE","2025-09-01 00:00:00","2026-08-01 00:00:00","2026-08-09 09:42:36",1350.00
Friday,FMC-F0501-KM,"ISAAC DANFUL BUABIN",20,"HARVEST, TITHE, WELFARE","2025-10-01 00:00:00","2026-08-01 00:00:00","2026-08-30 12:59:22",1350.00
Friday,FMC-F0910-KM,"HERBERT KOFI ESHUN",9,"HARVEST, TITHE, WELFARE","2025-11-15 00:00:00","2026-06-01 00:00:00","2026-07-05 11:42:44",1350.00
Sunday,FMC-D0325-KM,"JOANA AKYAAH GYAMFI",47,"HARVEST, TITHE, WELFARE","2025-10-01 00:00:00","2026-08-01 00:00:00","2026-08-02 10:29:54",1350.00
Thursday,FMC-A1209-KM,"KATE AMISSAH",41,"HARVEST, TITHE, WELFARE","2025-10-01 00:00:00","2026-08-01 00:00:00","2026-08-02 13:06:23",1340.00
Monday,FMC-D0903-KM,"CECILIA ASANTE",41,"HARVEST, TITHE, WELFARE","2025-10-01 00:00:00","2026-09-01 00:00:00","2026-09-06 12:09:26",1340.00
Saturday,FMC-D0518-KM,"JOYCELINE COLEMAN",32,"HARVEST, TITHE, WELFARE","2025-10-01 00:00:00","2026-08-01 00:00:00","2026-08-31 18:01:54",1340.00
Monday,FMC-K0606-KM,"ALICE MENSAH",33,"HARVEST, TITHE, WELFARE","2025-10-01 00:00:00","2026-08-01 00:00:00","2026-08-30 13:12:38",1340.00
Saturday,FMC-A1210-KM,"NANCY BAIDOO",13,"HARVEST, TITHE, WELFARE","2025-11-01 00:00:00","2026-09-01 00:00:00","2026-09-06 10:22:56",1325.00
Sunday,FMC-A1204-KM,"AGNES AMPAH",38,"HARVEST, TITHE, WELFARE","2025-10-01 00:00:00","2026-09-01 00:00:00","2026-09-06 10:25:40",1320.00
Friday,FMC-A1222-KM,"WILLIAM FRIMPONG",16,"HARVEST, TITHE, WELFARE","2025-10-01 00:00:00","2026-06-01 00:00:00","2026-06-28 12:15:27",1320.00
Friday,FMC-W0420-KM,"JAMES ARTHUR",6,TITHE,"2026-01-01 00:00:00","2026-06-01 00:00:00","2026-06-28 10:20:19",1314.00
Friday,FMC-W0617-KM,"ELIZABETH ABA MENSAH- BENTUM",31,"HARVEST, TITHE, WELFARE","2025-10-01 00:00:00","2026-09-01 00:00:00","2026-09-06 10:16:01",1310.00
Wednesday,FMC-F0406-KM,"MABEL ANNAN",34,"HARVEST, TITHE, WELFARE","2025-10-01 00:00:00","2026-09-01 00:00:00","2026-09-06 12:16:58",1300.00
Friday,FMC-K0107-KM,"DORCAS ANTWI",24,"HARVEST, TITHE, WELFARE","2025-10-01 00:00:00","2026-08-01 00:00:00","2026-08-30 11:19:13",1300.00
Saturday,FMC-A1118-KM,"SUSUANA AMA MENSAH",18,"HARVEST, TITHE, WELFARE","2025-10-01 00:00:00","2026-08-01 00:00:00","2026-08-30 12:25:51",1300.00
Wednesday,FMC-F0613-KM,"HANNAH QUAYSON",24,"HARVEST, TITHE, WELFARE","2025-11-01 00:00:00","2026-08-01 00:00:00","2026-08-30 12:20:04",1300.00
Friday,FMC-K0202-KM,"AGNES AMAKYE",34,"HARVEST, TITHE, WELFARE","2025-09-01 00:00:00","2026-08-01 00:00:00","2026-08-30 11:21:09",1290.00
Monday,FMC-F0103-KM,"PHILOMINA MENSAH AMPONSAH",39,"HARVEST, TITHE, WELFARE","2025-09-01 00:00:00","2026-08-01 00:00:00","2026-08-30 10:56:06",1290.00
Thursday,FMC-K0811-KM,"BAUSTI AFUA YALLEY",19,"HARVEST, TITHE, WELFARE","2025-10-01 00:00:00","2026-08-01 00:00:00","2026-08-02 10:36:56",1290.00
Sunday,FMC-D0105-KM,"BERNARD ASARE",21,"HARVEST, TITHE, WELFARE","2025-10-01 00:00:00","2026-08-01 00:00:00","2026-08-30 10:25:49",1285.00
Tuesday,FMC-W0810-KM,"JOANA YABO",61,"HARVEST, TITHE, WELFARE","2025-10-01 00:00:00","2026-08-01 00:00:00","2026-08-30 10:52:58",1285.00
Friday,FMC-F0318-KM,"RITA ENTSIE",21,"HARVEST, TITHE, WELFARE","2025-10-01 00:00:00","2026-08-01 00:00:00","2026-08-30 09:59:18",1280.00
Tuesday,FMC-F0302-KM,"SAMUEL NYAME",41,"HARVEST, TITHE, WELFARE","2025-10-01 00:00:00","2026-09-01 00:00:00","2026-09-06 12:24:39",1280.00
Thursday,FMC-B0901-KM,"CHARLES KOBENA",18,"HARVEST, TITHE, WELFARE","2025-10-01 00:00:00","2026-05-01 00:00:00","2026-05-10 13:08:00",1270.00
Tuesday,FMC-D0313-KM,"JOANA OSABU MENSAH",28,"HARVEST, TITHE, WELFARE","2025-10-01 00:00:00","2026-08-01 00:00:00","2026-08-30 12:24:35",1270.00
Tuesday,FMC-K0208-KM,"GIFTY ANKOMAH",41,"HARVEST, TITHE, WELFARE","2025-10-01 00:00:00","2026-08-01 00:00:00","2026-08-30 13:20:50",1250.00
Thursday,FMC-K0414-KM,"SAMUEL DUODU",14,"HARVEST, TITHE, WELFARE","2025-11-01 00:00:00","2026-09-01 00:00:00","2026-09-06 12:15:25",1250.00
Monday,FMC-F0213-KM,"GEORGINA KWOFIE",48,"HARVEST, TITHE, WELFARE","2025-10-01 00:00:00","2026-08-01 00:00:00","2026-08-30 10:59:30",1250.00
Saturday,FMC-B0604-KM,"CORNELIA OWUSU",14,"HARVEST, TITHE, WELFARE","2025-11-01 00:00:00","2026-08-01 00:00:00","2026-08-30 10:51:27",1250.00
Tuesday,FMC-B0312-KM,"MARY SLIPPE",11,"HARVEST, TITHE, WELFARE","2025-11-15 00:00:00","2026-05-01 00:00:00","2026-05-10 10:06:10",1250.00
Monday,FMC-D0516-KM,"MARGARET BAIDOO",46,"HARVEST, TITHE, WELFARE","2025-10-01 00:00:00","2026-09-01 00:00:00","2026-09-06 12:16:09",1240.00
Monday,FMC-D0716-KM,"BENEDICTA BOAKO KOOMSON",22,"TITHE, WELFARE","2025-10-01 00:00:00","2026-09-01 00:00:00","2026-09-06 09:30:27",1240.00
Thursday,FMC-F0606-KM,"GIFTY MENSAH",34,"HARVEST, TITHE, WELFARE","2025-10-01 00:00:00","2026-08-01 00:00:00","2026-08-02 11:30:48",1240.00
Wednesday,FMC-D0315-KM,"JULIANA PAINTSIL",17,"HARVEST, TITHE, WELFARE","2025-10-01 00:00:00","2026-05-01 00:00:00","2026-05-24 12:13:27",1240.00
Monday,FMC-D0422-KM,"PAA KWESI YANKAH",4,"HARVEST, TITHE, WELFARE","2025-11-15 00:00:00","2026-02-01 00:00:00","2026-02-08 09:00:31",1240.00
Monday,FMC-F0512-KM,"ELIZABETH MENSAH",32,"HARVEST, TITHE, WELFARE","2025-10-01 00:00:00","2026-09-01 00:00:00","2026-09-06 12:39:30",1235.00
Thursday,FMC-F0508-KM,"HELENA MENSAH",34,"HARVEST, TITHE, WELFARE","2025-10-01 00:00:00","2026-08-01 00:00:00","2026-08-30 09:40:58",1230.00
Friday,FMC-A0616-KM,"WINNEFRED WOODE",34,"HARVEST, TITHE, WELFARE","2025-10-01 00:00:00","2026-08-01 00:00:00","2026-08-31 17:47:12",1220.00
Thursday,FMC-K0407-KM,"JOSEPH ESSUAH",135,"HARVEST, TITHE, WELFARE","2025-10-01 00:00:00","2026-09-01 00:00:00","2026-09-06 11:50:40",1215.00
Monday,FMC-W0920-KM,"GERTRUDE KOOMSON",23,"HARVEST, TITHE, WELFARE","2025-10-01 00:00:00","2026-08-01 00:00:00","2026-08-30 10:52:58",1215.00
Sunday,FMC-K0108-KM,"GRACE ACKOM",21,"HARVEST, TITHE, WELFARE","2025-10-01 00:00:00","2026-08-01 00:00:00","2026-08-30 10:37:08",1210.00
Tuesday,FMC-F0801-KM,"MATILDA HAMMOND",13,"HARVEST, Morning Prayer, TITHE, WELFARE","2025-11-01 00:00:00","2026-08-01 00:00:00","2026-08-30 12:28:07",1210.00
Thursday,FMC-B0812-KM,"LYDIA GYASI",25,"HARVEST, TITHE, WELFARE","2025-10-01 00:00:00","2026-08-01 00:00:00","2026-08-30 10:22:27",1205.00
Saturday,FMC-B0924-KM,"ROSARIA NANA AMA QUAYSON",13,"HARVEST, TITHE, WELFARE","2026-01-01 00:00:00","2026-06-01 00:00:00","2026-06-28 12:58:43",1205.00
Saturday,FMC-W0603-KM,"PAUL ABAKA ANSAH",13,"HARVEST, TITHE, WELFARE","2025-10-01 00:00:00","2026-07-01 00:00:00","2026-07-19 11:42:27",1200.00
Wednesday,FMC-A0416-KM,"FELICITY APPIAH-BINEY",16,"TITHE, WELFARE","2025-10-01 00:00:00","2026-08-01 00:00:00","2026-08-09 11:03:12",1200.00
Thursday,FMC-K0105-KM,"COMFORT ESHUN",68,"HARVEST, TITHE, WELFARE","2025-10-01 00:00:00","2026-08-01 00:00:00","2026-08-30 11:17:04",1200.00
Saturday,FMC-B0603-KM,"AGNES ACKONSON",38,"HARVEST, TITHE, WELFARE","2025-09-01 00:00:00","2026-09-01 00:00:00","2026-09-06 11:49:06",1195.00
Wednesday,FMC-A1303-KM,"AGNES ANSAH COBBINAH",28,"HARVEST, TITHE, WELFARE","2025-10-01 00:00:00","2026-07-01 00:00:00","2026-07-05 12:20:16",1185.00
Sunday,FMC-W0415-KM,"SABINA KOOMSON",28,"HARVEST, TITHE, WELFARE","2025-11-01 00:00:00","2026-09-01 00:00:00","2026-09-06 11:56:50",1185.00
Thursday,FMC-B0507-KM,"MARGARET NELSON",25,"HARVEST, TITHE, WELFARE","2025-10-01 00:00:00","2026-08-01 00:00:00","2026-08-30 10:47:41",1180.00
Saturday,FMC-W0407-KM,"CHARLOTTE SCHECK",33,"HARVEST, TITHE, WELFARE","2025-10-01 00:00:00","2026-09-01 00:00:00","2026-09-06 12:00:59",1175.00
Saturday,FMC-A0907-KM,"REBECCA QUAISON",23,"HARVEST, TITHE, WELFARE","2025-10-01 00:00:00","2026-08-01 00:00:00","2026-08-02 11:54:51",1169.00
Thursday,FMC-K0812-KM,"SARAH ADJEI",9,"HARVEST, TITHE, WELFARE","2025-10-01 00:00:00","2026-05-01 00:00:00","2026-05-24 11:57:11",1160.00
Saturday,FMC-K0816-KM,"ERNESTINA HANSON",24,"HARVEST, TITHE, WELFARE","2025-10-01 00:00:00","2026-08-01 00:00:00","2026-08-09 09:02:54",1160.00
Thursday,FMC-D0815-KM,"COMFORT QUAICOE",18,"HARVEST, TITHE, WELFARE","2025-10-01 00:00:00","2026-07-01 00:00:00","2026-07-19 11:53:33",1160.00
Monday,FMC-B0814-KM,"BRIGHT KOFI LADONU",13,"HARVEST, TITHE, WELFARE","2025-11-01 00:00:00","2026-08-01 00:00:00","2026-08-31 18:20:16",1153.00
Wednesday,FMC-W0209-KM,"CHARITY ASMAH",41,"HARVEST, TITHE, WELFARE","2025-10-01 00:00:00","2026-08-01 00:00:00","2026-08-30 10:52:58",1150.00
Thursday,FMC-D1009-KM,"AGATHA DANSO",18,"HARVEST, TITHE, WELFARE","2025-11-01 00:00:00","2026-07-01 00:00:00","2026-07-26 10:04:32",1150.00
Saturday,FMC-A1106-KM,"CECILIA NINSON",19,"HARVEST, TITHE, WELFARE","2025-12-01 00:00:00","2026-08-01 00:00:00","2026-08-30 13:39:23",1150.00
Sunday,FMC-F0721-KM,"GIFTY ESI MENSAH",27,"HARVEST, TITHE, WELFARE","2025-10-01 00:00:00","2026-09-01 00:00:00","2026-09-06 20:54:42",1149.00
Tuesday,FMC-A1020-KM,"STEPHEN KWEKU ARTHUR",24,"HARVEST, TITHE, WELFARE","2025-10-01 00:00:00","2026-09-01 00:00:00","2026-09-06 12:29:55",1140.00
Wednesday,FMC-A0116-KM,"EMMANUEL ABEIKU YAFO CUDJOE",22,"TITHE, WELFARE","2025-10-01 00:00:00","2026-08-01 00:00:00","2026-08-02 12:48:26",1140.00
Tuesday,FMC-K0617-KM,"ISAAC KOTEY GYANIE",20,"HARVEST, TITHE, WELFARE","2025-11-01 00:00:00","2026-08-01 00:00:00","2026-08-02 12:00:47",1140.00
Sunday,FMC-B0302-KM,"ALFRED KOOMSON",40,"HARVEST, TITHE, WELFARE","2025-10-01 00:00:00","2026-08-01 00:00:00","2026-08-30 10:57:16",1140.00
Tuesday,FMC-A0812-KM,"DIANA SACKEY",21,"HARVEST, TITHE, WELFARE","2025-10-01 00:00:00","2026-07-01 00:00:00","2026-07-26 12:42:23",1140.00
Sunday,FMC-K0409-KM,"JOHN ANKOMAH",30,"HARVEST, TITHE, WELFARE","2025-11-01 00:00:00","2026-09-01 00:00:00","2026-09-06 12:30:48",1130.00
Friday,FMC-D0803-KM,"EVELYN BADU-MENSAH",35,"HARVEST, TITHE, WELFARE","2025-10-01 00:00:00","2026-08-01 00:00:00","2026-08-31 18:20:16",1130.00
Saturday,FMC-F0916-KM,"PRINCE QUAW",8,"HARVEST, TITHE, WELFARE","2025-11-01 00:00:00","2026-06-01 00:00:00","2026-06-09 19:13:32",1130.00
Monday,FMC-A0508-KM,"STEPHANIE MENSAH",12,"HARVEST, TITHE, WELFARE","2025-10-01 00:00:00","2026-05-01 00:00:00","2026-05-03 09:30:00",1120.00
Wednesday,FMC-A1121-KM,"LOVE ANITA KURENTSIR",8,"HARVEST, TITHE, WELFARE","2026-04-01 00:00:00","2026-08-01 00:00:00","2026-08-30 11:06:31",1110.00
Thursday,FMC-B0114-KM,"PRISCILLA MANU",20,"HARVEST, TITHE, WELFARE","2025-09-01 00:00:00","2026-05-01 00:00:00","2026-05-24 10:45:40",1100.00
Friday,FMC-A0810-KM,"JOSEPH BENJAMIN THOMPSON",22,"TITHE, WELFARE","2025-10-01 00:00:00","2026-08-01 00:00:00","2026-08-02 11:07:18",1100.00
Thursday,FMC-K0522-KM,"EMMNAUEL KWAME KOOMSON",79,"HARVEST, TITHE, WELFARE","2025-10-01 00:00:00","2026-08-01 00:00:00","2026-08-30 13:30:30",1095.00
Friday,FMC-F0201-KM,"JAMES AKYERKO",26,"HARVEST, TITHE, WELFARE","2025-10-01 00:00:00","2026-08-01 00:00:00","2026-08-30 13:48:58",1090.00
Friday,FMC-W0402-KM,"FRANK DONKOH",10,"HARVEST, TITHE, WELFARE","2025-10-01 00:00:00","2026-08-01 00:00:00","2026-08-30 09:56:15",1090.00
Thursday,FMC-W0902-KM,"GIFTY MENSAH",41,"HARVEST, TITHE, WELFARE","2025-10-01 00:00:00","2026-09-01 00:00:00","2026-09-06 12:36:50",1090.00
Saturday,FMC-A0304-KM,"ROCKSON OFORI MENSAH",16,"HARVEST, TITHE, WELFARE","2025-11-01 00:00:00","2026-05-01 00:00:00","2026-06-22 06:56:59",1090.00
Wednesday,FMC-K0701-KM,"STEPHEN ZIKPI",8,"HARVEST, TITHE, WELFARE","2025-10-01 00:00:00","2026-08-01 00:00:00","2026-08-02 12:48:44",1090.00
Friday,FMC-D0303-KM,"AGNES ARTHUR",34,"HARVEST, TITHE, WELFARE","2025-11-01 00:00:00","2026-09-01 00:00:00","2026-09-06 12:53:42",1080.00
Wednesday,FMC-F0206-KM,"HANNAH DUNTU",24,"HARVEST, TITHE, WELFARE","2025-10-01 00:00:00","2026-06-01 00:00:00","2026-06-14 09:39:10",1080.00
Friday,FMC-K0413-KM,"RANSFORD OTOBOAH",21,"HARVEST, TITHE, WELFARE","2025-10-01 00:00:00","2026-08-01 00:00:00","2026-08-30 11:40:42",1080.00
Thursday,FMC-A1109-KM,"EMELIA PAINTSIL",17,"HARVEST, TITHE, WELFARE","2025-09-01 00:00:00","2026-08-01 00:00:00","2026-08-30 10:24:53",1080.00
Wednesday,FMC-A1225-KM,"CHRISTINA QUARTEY",36,"HARVEST, TITHE, WELFARE","2025-10-01 00:00:00","2026-08-01 00:00:00","2026-08-31 17:38:23",1080.00
Tuesday,FMC-D0526-KM,"CHARITY SIMA YANKEY",27,"HARVEST, TITHE, WELFARE","2026-01-01 00:00:00","2026-09-01 00:00:00","2026-09-06 12:53:42",1080.00
Tuesday,FMC-B0913-KM,"JENNIFER ANSAH",12,"HARVEST, TITHE, WELFARE","2025-10-01 00:00:00","2026-07-01 00:00:00","2026-07-19 12:34:05",1075.00
Monday,FMC-D1003-KM,"BERNARD BOAFO",10,"TITHE, WELFARE","2025-11-01 00:00:00","2026-04-01 00:00:00","2026-04-19 11:31:06",1060.00
Wednesday,FMC-K0607-KM,"COMFORT ADJEI AGYAPONG",12,"HARVEST, TITHE, WELFARE","2025-10-01 00:00:00","2026-08-01 00:00:00","2026-08-09 11:12:23",1050.00
Thursday,FMC-D0204-KM,"WILLIAM KOJO COBBINAH",14,"HARVEST, TITHE, WELFARE","2025-11-15 00:00:00","2026-08-01 00:00:00","2026-08-31 17:58:41",1050.00
Saturday,FMC-F0611-KM,"VERONICA QUAICOE",12,"HARVEST, TITHE, WELFARE","2025-12-01 00:00:00","2026-08-01 00:00:00","2026-08-30 13:01:29",1050.00
Saturday,FMC-D0107-KM,"CONSTANCE SERWAA",31,"HARVEST, TITHE, WELFARE","2025-10-01 00:00:00","2026-08-01 00:00:00","2026-08-31 18:06:12",1050.00
Thursday,FMC-K0101-KM,"MARGARET YANKEY",22,"HARVEST, TITHE, WELFARE","2025-10-01 00:00:00","2026-09-01 00:00:00","2026-09-06 11:20:56",1050.00
Sunday,FMC-F0411-KM,"RUTH ADWOA OTOO",18,"Education Support, FWB Yesu Bogya Mu, HARVEST, TITHE, WELFARE","2025-09-01 00:00:00","2026-09-01 00:00:00","2026-09-06 12:11:42",1048.00
Monday,FMC-D0118-KM,"MERCY ODEIBEA BAAKO APPIAH",25,"HARVEST, TITHE, WELFARE","2025-10-01 00:00:00","2026-08-01 00:00:00","2026-08-30 12:15:33",1040.00
Wednesday,FMC-K0603-KM,"MARY ANKOMAH",32,"HARVEST, TITHE, WELFARE","2025-10-01 00:00:00","2026-08-01 00:00:00","2026-08-30 11:10:49",1035.00
Friday,FMC-A0911-KM,"JOSEPHINE AMISSAH AKUFFU",29,"HARVEST, TITHE, WELFARE","2025-10-01 00:00:00","2026-08-01 00:00:00","2026-08-09 11:13:27",1030.00
Friday,FMC-K0402-KM,"MARY KITTOE DADSON",31,"HARVEST, TITHE, WELFARE","2025-10-01 00:00:00","2026-09-01 00:00:00","2026-09-06 11:43:22",1030.00
Monday,FMC-F0505-KM,"GLADYS EKUBA",37,"HARVEST, TITHE, WELFARE","2025-10-01 00:00:00","2026-09-01 00:00:00","2026-09-06 12:14:26",1030.00
Tuesday,FMC-A0904-KM,"DOROTHY TETTEH",24,"HARVEST, TITHE, WELFARE","2025-10-01 00:00:00","2026-08-01 00:00:00","2026-08-30 11:08:38",1030.00
Tuesday,FMC-F0913-KM,"SHARON TAKYI BINEY",17,"HARVEST, TITHE, WELFARE","2025-10-01 00:00:00","2026-07-01 00:00:00","2026-07-05 09:45:37",1020.00
Thursday,FMC-B0309-KM,"GLADYS TAWIAH",39,"HARVEST, TITHE, WELFARE","2025-09-01 00:00:00","2026-08-01 00:00:00","2026-08-31 18:23:32",1020.00
Monday,FMC-W0610-KM,"MARTHA DUNTU",37,"HARVEST, TITHE, WELFARE","2025-10-01 00:00:00","2026-09-01 00:00:00","2026-09-06 11:15:39",1010.00
Monday,FMC-A0704-KM,"VICTORIA FOSU",28,"HARVEST, TITHE, WELFARE","2025-10-01 00:00:00","2026-08-01 00:00:00","2026-08-09 11:23:16",1010.00
Friday,FMC-D0423-KM,"DOREEN WANITA ESHUN",5,"TITHE, WELFARE","2025-11-01 00:00:00","2026-04-01 00:00:00","2026-04-28 13:55:59",1003.00
Saturday,FMC-A1501-KM,"EBENEZER BASI ABAKAH",18,"HARVEST, TITHE, WELFARE","2025-10-01 00:00:00","2026-09-01 00:00:00","2026-09-06 12:34:42",1000.00
Thursday,FMC-W0506-KM,"VICTORIA ACQUAH",13,"HARVEST, TITHE, WELFARE","2025-11-01 00:00:00","2026-09-01 00:00:00","2026-09-06 09:46:45",1000.00
Tuesday,FMC-B0701-KM,"RICHMOND KOJO ANOKORANG",12,"HARVEST, TITHE, WELFARE","2025-11-01 00:00:00","2026-08-01 00:00:00","2026-08-31 20:16:13",1000.00
Tuesday,FMC-K0521-KM,"FERDINAND BOAFO",7,"TITHE, WELFARE","2025-10-01 00:00:00","2026-03-01 00:00:00","2026-06-04 17:53:02",1000.00
Wednesday,FMC-B0704-KM,"SUSANA LINDA",9,"HARVEST, TITHE, WELFARE","2025-10-01 00:00:00","2026-05-01 00:00:00","2026-05-10 13:18:13",1000.00
Wednesday,FMC-B0411-KM,"JULIET ADJEI AGYAPONG",15,"HARVEST, TITHE, WELFARE","2025-11-01 00:00:00","2026-08-01 00:00:00","2026-08-02 11:54:51",990.00
Saturday,FMC-D0321-KM,"SAMUEL KOBINA ANDORFUL SNR",33,"HARVEST, TITHE, WELFARE","2025-10-01 00:00:00","2026-09-01 00:00:00","2026-09-06 12:53:42",990.00
Sunday,FMC-A1108-KM,"EBENEZER OTOO",12,"HARVEST, TITHE, WELFARE","2025-11-01 00:00:00","2026-07-01 00:00:00","2026-07-12 10:38:37",990.00
Tuesday,FMC-B0203-KM,"ALBERT OWUSU",10,"HARVEST, TITHE, WELFARE","2025-09-01 00:00:00","2026-08-01 00:00:00","2026-08-30 09:56:15",990.00
Monday,FMC-W0116-KM,"MARTHA QUANSAH",25,"HARVEST, TITHE, WELFARE","2025-10-01 00:00:00","2026-08-01 00:00:00","2026-08-02 12:24:05",990.00
Tuesday,FMC-W0821-KM,"COMFORT AIDOO",29,"HARVEST, TITHE, WELFARE","2025-10-01 00:00:00","2026-08-01 00:00:00","2026-08-30 13:06:58",980.00
Thursday,FMC-D0515-KM,"MARY ASSAN",26,"HARVEST, TITHE, WELFARE","2025-11-01 00:00:00","2026-08-01 00:00:00","2026-08-31 18:06:12",980.00
Thursday,FMC-W1002-KM,"ISAAC KINGSFORD",26,"HARVEST, TITHE, WELFARE","2025-10-01 00:00:00","2026-08-01 00:00:00","2026-08-02 12:19:14",980.00
Saturday,FMC-D0111-KM,"FAUSTINA PRAH",29,"HARVEST, TITHE, WELFARE","2025-10-01 00:00:00","2026-08-01 00:00:00","2026-08-30 10:15:40",980.00
Tuesday,FMC-F0407-KM,"MARGARET QUAYSON",18,"HARVEST, TITHE, WELFARE","2025-10-01 00:00:00","2026-08-01 00:00:00","2026-08-02 11:16:23",980.00
Saturday,FMC-K0618-KM,"SAMUEL KINGSLEY QUAW",18,"HARVEST, TITHE, WELFARE","2025-10-01 00:00:00","2026-08-01 00:00:00","2026-08-30 13:04:26",975.00
Saturday,FMC-D0817-KM,"MOSES KWAME ARTHUR",22,"HARVEST, TITHE, WELFARE","2025-10-01 00:00:00","2026-08-01 00:00:00","2026-08-30 12:38:57",970.00
Saturday,FMC-D0309-KM,"COMFORT ATTEEN",15,"HARVEST, TITHE, WELFARE","2025-11-01 00:00:00","2026-06-01 00:00:00","2026-06-07 11:22:02",970.00
Tuesday,FMC-F0112-KM,"MILLICENT BAIDOO",28,"HARVEST, TITHE, WELFARE","2025-10-01 00:00:00","2026-08-01 00:00:00","2026-08-30 10:41:09",970.00
Friday,FMC-W0809-KM,"BRIDGET BOISON",27,"HARVEST, TITHE, WELFARE","2025-10-01 00:00:00","2026-08-01 00:00:00","2026-08-31 18:28:20",970.00
Tuesday,FMC-B0611-KM,"PHILOMENA ESSIEN KWOFIE",29,"HARVEST, TITHE, WELFARE","2025-10-01 00:00:00","2026-09-01 00:00:00","2026-09-06 12:34:00",970.00
Tuesday,FMC-A0615-KM,"ISHMAEL KWEKU TWEIKU",8,"TITHE, WELFARE","2025-11-01 00:00:00","2026-07-01 00:00:00","2026-07-26 12:49:30",970.00
Wednesday,FMC-D0323-KM,"YVONNE ABAKAH",21,"HARVEST, TITHE, WELFARE","2025-10-01 00:00:00","2026-08-01 00:00:00","2026-08-30 10:41:04",965.00
Friday,FMC-A0306-KM,"EMMANUEL SACKEY",24,"HARVEST, TITHE, WELFARE","2025-10-01 00:00:00","2026-08-01 00:00:00","2026-08-02 11:27:35",965.00
Saturday,FMC-A0715-KM,"PATRICK OPPONG ADJEI",26,"HARVEST, TITHE, WELFARE","2025-10-01 00:00:00","2026-08-01 00:00:00","2026-08-09 11:21:09",960.00
Friday,FMC-K0815-KM,"PHILOMINA QUARSHIE",29,"HARVEST, TITHE, WELFARE","2025-10-01 00:00:00","2026-09-01 00:00:00","2026-09-06 11:20:56",960.00
Tuesday,FMC-F0113-KM,"VICTORIA YAA YEBOAH",30,"HARVEST, TITHE, WELFARE","2025-10-01 00:00:00","2026-07-01 00:00:00","2026-07-26 12:23:16",960.00
Tuesday,FMC-F0703-KM,"EVA ASARE",27,"HARVEST, TITHE, WELFARE","2025-10-01 00:00:00","2026-07-01 00:00:00","2026-07-26 09:11:19",955.00
Monday,FMC-A1314-KM,"PATIENCE AMISSAH",27,"HARVEST, TITHE, WELFARE","2025-10-01 00:00:00","2026-08-01 00:00:00","2026-08-02 12:50:39",950.00
Monday,FMC-B0202-KM,"EBENEZER KWEKU ANIMAH",25,"HARVEST, TITHE, WELFARE","2025-09-01 00:00:00","2026-08-01 00:00:00","2026-08-30 10:57:16",950.00
Sunday,FMC-B0112-KM,"MARGARET ATTA NINKYI",6,"HARVEST, TITHE, WELFARE","2025-11-15 00:00:00","2026-08-01 00:00:00","2026-08-09 09:19:33",950.00
Saturday,FMC-B0618-KM,"SAMUEL KWAME OTOO",21,"HARVEST, TITHE, WELFARE","2025-10-01 00:00:00","2026-09-01 00:00:00","2026-09-06 08:51:43",950.00
Sunday,FMC-A0902-KM,"STEPHEN HAMMOND OWUSU",5,"HARVEST, TITHE, WELFARE","2026-02-01 00:00:00","2026-07-01 00:00:00","2026-07-12 09:47:22",950.00
Sunday,FMC-K0818-KM,"ELIZABETH EDUAH",8,"HARVEST, TITHE, WELFARE","2025-12-01 00:00:00","2026-06-01 00:00:00","2026-06-28 09:26:39",940.00
Wednesday,FMC-A1514-KM,"WILSON KWEKU OTOO",25,"HARVEST, TITHE, WELFARE","2025-10-01 00:00:00","2026-09-01 00:00:00","2026-09-06 12:08:41",940.00
Sunday,FMC-K0217-KM,"RHODA DUNTU",34,"HARVEST, TITHE, WELFARE","2025-09-01 00:00:00","2026-09-01 00:00:00","2026-09-06 12:41:37",936.00
Sunday,FMC-B0119-KM,"JOYCE EFUA AIDDO",23,"HARVEST, TITHE, WELFARE","2025-10-01 00:00:00","2026-08-01 00:00:00","2026-08-30 12:41:46",930.00
Tuesday,FMC-B0109-KM,"JOYCE ASABIL ESHUN",24,"HARVEST, TITHE, WELFARE","2025-11-01 00:00:00","2026-08-01 00:00:00","2026-08-30 11:02:54",930.00
Thursday,FMC-D0412-KM,"SAUSANA OSEI",21,"HARVEST, TITHE, WELFARE","2025-11-15 00:00:00","2026-08-01 00:00:00","2026-08-09 09:36:08",930.00
Saturday,FMC-D0702-KM,"AGNES YANKEY",13,"HARVEST, TITHE, WELFARE","2025-11-01 00:00:00","2026-08-01 00:00:00","2026-08-31 18:06:12",930.00
Wednesday,FMC-W0511-KM,"PETER KWEKU AMOAKO",42,"HARVEST, TITHE, WELFARE","2025-10-01 00:00:00","2026-08-01 00:00:00","2026-08-30 13:07:53",925.00
Saturday,FMC-A1318-KM,"REBECCA CONWAY",20,"HARVEST, TITHE, WELFARE","2025-09-01 00:00:00","2026-04-01 00:00:00","2026-04-19 09:38:37",925.00
Sunday,FMC-F0612-KM,"COMFORT ABAKAH",23,"HARVEST, TITHE, WELFARE","2025-12-01 00:00:00","2026-09-01 00:00:00","2026-09-06 11:58:20",920.00
Sunday,FMC-F0221-KM,"THERESAH BAIDOO",34,"HARVEST, TITHE, WELFARE","2025-11-01 00:00:00","2026-08-01 00:00:00","2026-08-30 13:47:18",920.00
Tuesday,FMC-D0104-KM,"BEATRICE MORGAN ELLIS",26,"HARVEST, TITHE, WELFARE","2025-10-01 00:00:00","2026-07-01 00:00:00","2026-07-19 09:37:11",920.00
Friday,FMC-B0806-KM,"GEORGINA KWOFIE",39,"HARVEST, TITHE, WELFARE","2025-09-01 00:00:00","2026-08-01 00:00:00","2026-08-30 10:15:40",920.00
Monday,FMC-D0316-KM,"MARGARET OPPONG",30,"HARVEST, TITHE, WELFARE","2025-10-01 00:00:00","2026-09-01 00:00:00","2026-09-06 09:43:48",920.00
Friday,FMC-F0118-KM,"BARBRA OSEI",48,"HARVEST, TITHE, WELFARE","2025-09-01 00:00:00","2026-08-01 00:00:00","2026-08-09 09:11:40",920.00
Wednesday,FMC-W0106-KM,"SAMUEL KWEKU YANKSON",40,"HARVEST, TITHE, WELFARE","2025-10-01 00:00:00","2026-08-01 00:00:00","2026-08-30 11:35:00",920.00
Saturday,FMC-A0324-KM,"HANNABEL APPIAH COBBINAH",6,"TITHE, WELFARE","2025-10-01 00:00:00","2026-06-01 00:00:00","2026-06-21 15:33:41",915.00
Wednesday,FMC-A0906-KM,"SOPHIA ARTHUR-BAIDOO",43,"HARVEST, TITHE, WELFARE","2025-10-01 00:00:00","2026-08-01 00:00:00","2026-08-09 09:42:43",910.00
Friday,FMC-W0903-KM,"MARK COBBINAH BANNERMAN",16,"TITHE, WELFARE","2025-11-01 00:00:00","2026-06-01 00:00:00","2026-06-28 11:02:12",910.00
Sunday,FMC-W0605-KM,"EMMANUEL EGYABU",23,"HARVEST, TITHE, WELFARE","2025-09-01 00:00:00","2026-07-01 00:00:00","2026-07-12 09:01:00",910.00
Sunday,FMC-A0912-KM,"JANET ESSIEN",56,"HARVEST, TITHE, WELFARE","2025-10-01 00:00:00","2026-08-01 00:00:00","2026-08-09 09:35:29",910.00
Monday,FMC-K0722-KM,"JULIET EWUSI-MENSAH",26,"HARVEST, TITHE, WELFARE","2025-11-01 00:00:00","2026-08-01 00:00:00","2026-08-30 10:37:08",910.00
Thursday,FMC-A1102-KM,"MABEL OBENG",35,"HARVEST, TITHE, WELFARE","2025-09-01 00:00:00","2026-08-01 00:00:00","2026-08-30 10:42:01",910.00
Tuesday,FMC-B0505-KM,"GILBERT KWAME APPIAH",17,"HARVEST, TITHE, WELFARE","2025-10-01 00:00:00","2026-08-01 00:00:00","2026-08-30 12:06:51",900.00
Wednesday,FMC-F0914-KM,"FRANCIS BOAKYE",8,"TITHE, WELFARE","2026-01-01 00:00:00","2026-06-01 00:00:00","2026-06-07 11:47:47",900.00
Monday,FMC-F0903-KM,"PRINCE JOOJO QUANSAH",6,"HARVEST, TITHE, WELFARE","2025-10-01 00:00:00","2026-05-01 00:00:00","2026-05-03 08:05:47",900.00
Tuesday,FMC-D0808-KM,"ELIZABETH MACLEAN",22,"HARVEST, TITHE, WELFARE","2025-10-01 00:00:00","2026-09-01 00:00:00","2026-09-06 11:19:03",890.00
Tuesday,FMC-D0420-KM,"MARGARET OTOO",31,"HARVEST, TITHE, WELFARE","2025-10-01 00:00:00","2026-08-01 00:00:00","2026-08-30 11:02:05",890.00
Tuesday,FMC-K0104-KM,"COMFORT ACKAH",25,"HARVEST, TITHE, WELFARE","2025-10-01 00:00:00","2026-08-01 00:00:00","2026-08-31 17:51:56",885.00
Wednesday,FMC-F0413-KM,"ELIZABETH ASSAFUAH",37,"HARVEST, TITHE, WELFARE","2025-10-01 00:00:00","2026-08-01 00:00:00","2026-08-30 12:20:04",885.00
Saturday,FMC-D0624-KM,"LETICIA BLAY",14,"HARVEST, TITHE, WELFARE","2025-11-01 00:00:00","2026-06-01 00:00:00","2026-06-07 12:53:42",880.00
Friday,FMC-B0403-KM,"ABIGAIL BLESSING TEIH",24,"HARVEST, TITHE, WELFARE","2025-10-01 00:00:00","2026-08-01 00:00:00","2026-08-30 12:34:50",880.00
Sunday,FMC-D0508-KM,"HENRIETTA BOAHEN",34,"HARVEST, TITHE, WELFARE","2025-10-01 00:00:00","2026-07-01 00:00:00","2026-07-26 09:48:59",875.00
Tuesday,FMC-A0406-KM,"GETRUDE KRAMPA KOOMSON",27,"HARVEST, TITHE, WELFARE","2025-10-01 00:00:00","2026-09-01 00:00:00","2026-09-06 10:31:23",875.00
Sunday,FMC-K0917-KM,"NAOMI DAMOAH",17,"HARVEST, TITHE, WELFARE","2025-10-01 00:00:00","2026-08-01 00:00:00","2026-08-30 13:32:49",865.00
Wednesday,FMC-F0603-KM,"ALBERTA ACKON",26,"HARVEST, TITHE, WELFARE","2025-09-01 00:00:00","2026-06-01 00:00:00","2026-06-28 12:34:51",860.00
Friday,FMC-B0205-KM,"VICTORIA EFFUA AFFUL",19,"HARVEST, TITHE, WELFARE","2025-10-01 00:00:00","2026-08-01 00:00:00","2026-08-30 09:56:15",860.00
Monday,FMC-A0712-KM,"ROSE MENSAH",27,"HARVEST, TITHE, WELFARE","2025-10-01 00:00:00","2026-08-01 00:00:00","2026-08-31 17:38:23",860.00
Saturday,FMC-K0518-KM,"MERCY AMOAH",22,"HARVEST, TITHE, WELFARE","2025-10-01 00:00:00","2026-08-01 00:00:00","2026-08-30 14:15:47",855.00
Thursday,FMC-K0412-KM,"KENNETH AFFUL",21,"HARVEST, TITHE, WELFARE","2025-10-01 00:00:00","2026-08-01 00:00:00","2026-08-30 12:24:58",850.00
Friday,FMC-A1312-KM,"NOAMI AYIKU",18,"TITHE, WELFARE","2025-10-01 00:00:00","2026-08-01 00:00:00","2026-08-30 10:24:53",850.00
Wednesday,FMC-B0508-KM,"MARY KOOMSON",40,"HARVEST, TITHE, WELFARE","2025-10-01 00:00:00","2026-08-01 00:00:00","2026-08-30 10:57:16",850.00
Saturday,FMC-D0623-KM,"SARAH KOLORAH",37,"HARVEST, TITHE, WELFARE","2025-11-01 00:00:00","2026-09-01 00:00:00","2026-09-06 09:58:00",845.00
Monday,FMC-D1019-KM,"AKOSUA ADOABEA PRAH",11,"HARVEST, TITHE, WELFARE","2025-11-01 00:00:00","2026-06-01 00:00:00","2026-06-07 11:43:42",840.00
Friday,FMC-K0411-KM,"REBECCA AMPENYI",22,"HARVEST, TITHE, WELFARE","2025-10-01 00:00:00","2026-08-01 00:00:00","2026-08-30 11:42:49",830.00
Wednesday,FMC-A0908-KM,"EUNICE BAIDEN",12,"TITHE, WELFARE","2026-01-01 00:00:00","2026-08-01 00:00:00","2026-08-09 09:39:45",830.00
Monday,FMC-A1203-KM,"AGNES NANA NYAMEKYE KWOFIE",31,"HARVEST, TITHE, WELFARE","2025-10-01 00:00:00","2026-09-01 00:00:00","2026-09-06 12:14:42",830.00
Wednesday,FMC-F0214-KM,"ERNESTINA NYAMEKYE",2,"TITHE, WELFARE","2026-07-01 00:00:00","2026-07-01 00:00:00","2026-07-12 09:17:10",830.00
Monday,FMC-B0916-KM,"GLADYS HAYFORD",29,"HARVEST, TITHE, WELFARE","2025-10-01 00:00:00","2026-07-01 00:00:00","2026-07-19 10:40:49",825.00
Sunday,FMC-A0603-KM,"AGNES ACKAH",19,"HARVEST, TITHE, WELFARE","2025-09-01 00:00:00","2026-09-01 00:00:00","2026-09-06 11:41:04",820.00
Wednesday,FMC-W0620-KM,"LAWRENCIA EMEFA FIADJOE",13,"HARVEST, TITHE, WELFARE","2026-03-01 00:00:00","2026-07-01 00:00:00","2026-07-19 10:11:51",820.00
Thursday,FMC-K0116-KM,"MARY KOOMSON",28,"HARVEST, TITHE, WELFARE","2025-10-01 00:00:00","2026-08-01 00:00:00","2026-08-09 09:04:41",820.00
Wednesday,FMC-W0802-KM,"AGNES PAINTSIL",21,"HARVEST, TITHE, WELFARE","2025-10-01 00:00:00","2026-09-01 00:00:00","2026-09-06 09:51:15",820.00
Wednesday,FMC-F0517-KM,"ROSINA EDUFUL",40,"HARVEST, TITHE, WELFARE","2025-10-01 00:00:00","2026-08-01 00:00:00","2026-08-30 13:45:22",816.00
Saturday,FMC-W0702-KM,"MARY ABAYIE ARTHUR",29,"HARVEST, TITHE, WELFARE","2025-10-01 00:00:00","2026-09-01 00:00:00","2026-09-06 11:44:29",814.00
Saturday,FMC-A0618-KM,"LOVIA ASARE",15,"HARVEST, TITHE, WELFARE","2025-10-01 00:00:00","2026-07-01 00:00:00","2026-07-12 10:46:05",810.00
Friday,FMC-D0616-KM,"MARY ADDAE",21,"HARVEST, TITHE, WELFARE","2025-10-01 00:00:00","2026-08-01 00:00:00","2026-08-02 10:09:42",805.00
Wednesday,FMC-A1407-KM,"SAMUEL EDUFUL",4,"HARVEST, TITHE, WELFARE","2025-10-01 00:00:00","2025-11-15 00:00:00","2025-11-30 13:04:18",800.00
Wednesday,FMC-A1519-KM,"GLORIA ANGELINA ESHUN",8,"TITHE, WELFARE","2026-03-01 00:00:00","2026-07-01 00:00:00","2026-07-12 10:36:09",800.00
Monday,FMC-D0916-KM,"SAMUEL JOHNFIAH",4,"HARVEST, TITHE, WELFARE","2025-12-01 00:00:00","2025-12-01 00:00:00","2025-12-28 11:40:23",800.00
Wednesday,FMC-D0606-KM,"SARAH JOHNFIAH",29,"HARVEST, TITHE, WELFARE","2025-10-01 00:00:00","2026-09-01 00:00:00","2026-09-06 11:25:42",800.00
Friday,FMC-W0109-KM,"ALFRED KOFI KLUTSEY",3,"HARVEST, TITHE, WELFARE","2026-04-01 00:00:00","2026-04-01 00:00:00","2026-04-05 13:39:26",800.00
Saturday,FMC-W1004-KM,"CLAUDIA CLARA KLUTSEY",3,"HARVEST, TITHE, WELFARE","2026-04-01 00:00:00","2026-04-01 00:00:00","2026-04-05 13:34:45",800.00
Saturday,FMC-B0907-KM,"SARAH MENSAH",58,"HARVEST, TITHE, WELFARE","2025-09-01 00:00:00","2026-09-01 00:00:00","2026-09-06 10:45:15",800.00
Saturday,FMC-D0704-KM,"CECILIA OTOO",22,"HARVEST, TITHE, WELFARE","2025-10-01 00:00:00","2026-09-01 00:00:00","2026-09-06 08:53:38",800.00
Wednesday,FMC-A1205-KM,"JOSEPHINE ANDOH",12,"TITHE, WELFARE","2025-10-01 00:00:00","2026-06-01 00:00:00","2026-06-14 11:31:36",790.00
Saturday,FMC-A0213-KM,"ELLEN APPIAH-BINEY",23,"HARVEST, TITHE, WELFARE","2025-10-01 00:00:00","2026-08-01 00:00:00","2026-08-09 11:15:19",790.00
Thursday,FMC-A1023-KM,"CYNTHIA ATTEEN",12,"HARVEST, TITHE, WELFARE","2025-09-01 00:00:00","2026-08-01 00:00:00","2026-08-31 17:53:01",790.00
Sunday,FMC-D0213-KM,"WILLIAMS SARAH",23,"HARVEST, TITHE, WELFARE","2025-09-01 00:00:00","2026-08-01 00:00:00","2026-08-02 10:48:01",790.00
Sunday,FMC-K0904-KM,"SARAH ACQUAH-DENNIS",28,"HARVEST, TITHE, WELFARE","2025-10-01 00:00:00","2026-08-01 00:00:00","2026-08-30 09:40:58",780.00
Friday,FMC-D1016-KM,"FAUSTINA INSAIDOO",14,"HARVEST, TITHE, WELFARE","2025-11-15 00:00:00","2026-07-01 00:00:00","2026-07-05 09:47:46",780.00
Tuesday,FMC-D0617-KM,"MARY OBENG",23,"HARVEST, TITHE, WELFARE","2025-10-01 00:00:00","2026-06-01 00:00:00","2026-06-28 12:38:35",780.00
Wednesday,FMC-F0417-KM,"PHILIPINA PADMORE",20,"HARVEST, TITHE, WELFARE","2025-10-01 00:00:00","2026-08-01 00:00:00","2026-08-30 10:08:07",780.00
Saturday,FMC-W0905-KM,"GIDEON YELEBO",35,"HARVEST, TITHE, WELFARE","2025-10-01 00:00:00","2026-08-01 00:00:00","2026-08-08 21:11:22",780.00
Sunday,FMC-D0603-KM,"SAMUEL KOFI OTOO",23,"HARVEST, TITHE, WELFARE","2025-10-01 00:00:00","2026-09-01 00:00:00","2026-09-06 08:48:57",778.00
Tuesday,FMC-F0806-KM,"THERESAH MOORE",12,"HARVEST, TITHE, WELFARE","2025-10-01 00:00:00","2026-09-01 00:00:00","2026-09-06 11:46:34",770.00
Tuesday,FMC-D0206-KM,"WOOODE REBECCA",19,"HARVEST, TITHE, WELFARE","2025-11-01 00:00:00","2026-07-01 00:00:00","2026-07-05 09:44:37",770.00
Friday,FMC-F0222-KM,"REBECCA YANKAH",9,"HARVEST, TITHE, WELFARE","2025-10-01 00:00:00","2026-02-01 00:00:00","2026-06-10 09:03:31",770.00
Friday,FMC-W0205-KM,"ELIZABETH QUAIDOO",28,"HARVEST, TITHE, WELFARE","2025-10-01 00:00:00","2026-09-01 00:00:00","2026-09-06 12:05:06",765.00
Tuesday,FMC-A1206-KM,"EMELIA AMOAH",28,"HARVEST, TITHE, WELFARE","2025-09-01 00:00:00","2026-08-01 00:00:00","2026-08-30 10:24:53",760.00
Saturday,FMC-A0403-KM,"EVELYN AMOAH",20,"HARVEST, TITHE, WELFARE","2025-10-01 00:00:00","2026-07-01 00:00:00","2026-07-26 09:33:06",760.00
Saturday,FMC-B0306-KM,"AUGUSTINA ANDOH",32,"HARVEST, TITHE, WELFARE","2025-10-01 00:00:00","2026-08-01 00:00:00","2026-08-02 10:54:05",760.00
Monday,FMC-D0512-KM,"JOYCE BAKER",35,"HARVEST, TITHE, WELFARE","2025-11-01 00:00:00","2026-08-01 00:00:00","2026-08-31 18:01:54",760.00
Saturday,FMC-W0416-KM,"REGINA COBBINAH",30,"HARVEST, TITHE, WELFARE","2025-10-01 00:00:00","2026-08-01 00:00:00","2026-08-30 11:05:22",760.00
Monday,FMC-K0114-KM,"ALICE CUDJOE",18,"HARVEST, TITHE, WELFARE","2025-11-15 00:00:00","2026-09-01 00:00:00","2026-09-06 11:00:48",760.00
Wednesday,FMC-F0210-KM,"SABINA ENCHILL",30,"HARVEST, TITHE, WELFARE","2025-10-01 00:00:00","2026-08-01 00:00:00","2026-08-30 12:51:54",760.00
Monday,FMC-B0315-KM,"ESTHER OCANSEY",19,"HARVEST, TITHE, WELFARE","2025-10-01 00:00:00","2026-06-01 00:00:00","2026-06-14 10:13:58",760.00
Saturday,FMC-D0807-KM,"ELIZABETH QUANSAH",33,"HARVEST, TITHE, WELFARE","2025-10-01 00:00:00","2026-08-01 00:00:00","2026-08-30 10:19:44",760.00
Friday,FMC-B0809-KM,"ELIZABETH QUAYSON",16,"HARVEST, TITHE, WELFARE","2025-11-01 00:00:00","2026-08-01 00:00:00","2026-08-30 10:35:24",760.00
Monday,FMC-D1001-KM,"EMMA ASARE",8,"HARVEST, TITHE, WELFARE","2025-10-01 00:00:00","2026-04-01 00:00:00","2026-04-12 11:42:32",750.00
Thursday,FMC-D0426-KM,"VIDA QUANSAH",15,"HARVEST, TITHE, WELFARE","2025-12-01 00:00:00","2026-06-01 00:00:00","2026-06-14 11:19:59",750.00
Thursday,FMC-W0611-KM,"JOANA YAMOAH",27,"HARVEST, TITHE, WELFARE","2025-10-01 00:00:00","2026-08-01 00:00:00","2026-08-02 12:02:33",750.00
Tuesday,FMC-A0303-KM,"PATIENCE COBBINAH",38,"HARVEST, TITHE, WELFARE","2025-11-01 00:00:00","2026-09-01 00:00:00","2026-09-06 09:43:25",745.00
Saturday,FMC-A1013-KM,"MARGARET MARTHA OFFEI",13,"HARVEST, TITHE, WELFARE","2025-10-01 00:00:00","2026-08-01 00:00:00","2026-08-30 11:14:32",740.00
Tuesday,FMC-D0626-KM,"JOANA SACKEY",31,"HARVEST, TITHE, WELFARE","2025-10-01 00:00:00","2026-08-01 00:00:00","2026-08-09 11:12:22",735.00
Tuesday,FMC-D0913-KM,"VICTORIA AMISSAH",19,"HARVEST, TITHE, WELFARE","2025-10-01 00:00:00","2026-08-01 00:00:00","2026-08-30 11:03:08",730.00
Saturday,FMC-B0408-KM,"JACOB KWEKU BOHAM",16,"TITHE, WELFARE","2025-10-01 00:00:00","2026-09-01 00:00:00","2026-09-06 12:36:44",730.00
Tuesday,FMC-B0606-KM,"JESSICA AGGREY",36,"HARVEST, TITHE, WELFARE","2025-10-01 00:00:00","2026-09-01 00:00:00","2026-09-06 11:54:57",725.00
Thursday,FMC-D0203-KM,"JOHN KWABENA MENSAH",24,"HARVEST, TITHE, WELFARE","2025-10-01 00:00:00","2026-08-01 00:00:00","2026-08-02 10:34:59",725.00
Wednesday,FMC-K0218-KM,"SAMUEL JUNIOR ANDORFUL",40,"HARVEST, TITHE, WELFARE","2025-10-01 00:00:00","2026-08-01 00:00:00","2026-08-30 12:00:05",720.00
Monday,FMC-D0517-KM,"ALBERTA DADZIE",21,"HARVEST, TITHE, WELFARE","2025-11-01 00:00:00","2026-09-01 00:00:00","2026-09-06 10:56:34",720.00
Sunday,FMC-B0301-KM,"ANDREWS NYAMEKYE OWUSU",16,"HARVEST, TITHE, WELFARE","2025-10-01 00:00:00","2026-08-01 00:00:00","2026-08-30 09:56:06",720.00
Wednesday,FMC-K0824-KM,"MERCY TURKSON",10,"TITHE, WELFARE","2026-01-01 00:00:00","2026-09-01 00:00:00","2026-09-06 11:20:56",720.00
Sunday,FMC-A0203-KM,"CHRISTINA ESHUN",32,"HARVEST, TITHE, WELFARE","2025-11-01 00:00:00","2026-08-01 00:00:00","2026-08-30 10:24:53",714.90
Tuesday,FMC-D0507-KM,"GRACE BOAFO AGYIN",20,"HARVEST, TITHE, WELFARE","2025-10-01 00:00:00","2026-09-01 00:00:00","2026-09-06 11:57:44",710.00
Tuesday,FMC-K0408-KM,"KWAME BAIDOO",4,"TITHE, WELFARE","2025-12-01 00:00:00","2026-04-01 00:00:00","2026-04-26 08:46:59",710.00
Wednesday,FMC-K0705-KM,"CECILIA OSEI",24,"HARVEST, TITHE, WELFARE","2025-10-01 00:00:00","2026-08-01 00:00:00","2026-08-30 12:27:56",710.00
Wednesday,FMC-B0620-KM,"REBECCA RAKIA",6,"HARVEST, TITHE, WELFARE","2025-11-15 00:00:00","2026-01-01 00:00:00","2026-01-04 13:01:45",710.00
Friday,FMC-F0313-KM,"CYNTHIA AIDOO",23,"HARVEST, TITHE, WELFARE","2025-10-01 00:00:00","2026-08-01 00:00:00","2026-08-30 09:32:05",700.00
Tuesday,FMC-K0817-KM,"DORIS ARHIN",21,"HARVEST, TITHE, WELFARE","2025-10-01 00:00:00","2026-08-01 00:00:00","2026-08-30 12:13:22",700.00
Tuesday,FMC-A1302-KM,"AARON ARTHUR",10,"TITHE, WELFARE","2026-01-01 00:00:00","2026-07-01 00:00:00","2026-07-26 12:16:08",700.00
Tuesday,FMC-A1317-KM,"CHARLES KOBINA BAIDEN",10,"TITHE, WELFARE","2026-01-01 00:00:00","2026-06-01 00:00:00","2026-06-21 22:03:00",700.00
Sunday,FMC-F0108-KM,"ESTHER LEONARD BAWA",14,"TITHE, WELFARE","2025-12-01 00:00:00","2026-08-01 00:00:00","2026-08-09 11:21:51",700.00
Monday,FMC-A1216-KM,"MARGARET BORZAH",7,"HARVEST, TITHE, WELFARE","2025-10-01 00:00:00","2026-03-01 00:00:00","2026-03-15 09:26:20",700.00
Thursday,FMC-A1410-KM,"WISDOM ABUABO ESHUN",14,"TITHE, WELFARE","2026-02-01 00:00:00","2026-09-01 00:00:00","2026-09-06 09:48:49",700.00
Friday,FMC-F0915-KM,"ABIGAIL FAFALI FAFALI",15,"HARVEST, TITHE, WELFARE","2025-11-01 00:00:00","2026-08-01 00:00:00","2026-08-30 11:11:34",700.00
Wednesday,FMC-F0416-KM,"SOPHIA AMISSAH MORO",5,"HARVEST, TITHE, WELFARE","2025-11-01 00:00:00","2026-03-01 00:00:00","2026-03-14 10:08:17",700.00
Wednesday,FMC-A0314-KM,"NANCY QUARM",12,"TITHE, WELFARE","2025-10-01 00:00:00","2026-05-01 00:00:00","2026-05-24 10:52:58",700.00
Saturday,FMC-F0303-KM,"DOROTHY NARTEY",24,"HARVEST, TITHE, WELFARE","2025-11-01 00:00:00","2026-07-01 00:00:00","2026-07-05 09:56:24",690.00
Thursday,FMC-W0307-KM,"MAVIS MONALISA OWUSU",28,"HARVEST, TITHE, WELFARE","2025-11-15 00:00:00","2026-09-01 00:00:00","2026-09-06 11:00:25",690.00
Thursday,FMC-F0315-KM,"MILLICENT OPPONG",16,"TITHE, WELFARE","2025-11-01 00:00:00","2026-08-01 00:00:00","2026-08-30 12:48:02",685.00
Tuesday,FMC-D0826-KM,"BENJAMIN ADDAE",6,"TITHE, WELFARE","2026-04-01 00:00:00","2026-08-01 00:00:00","2026-08-30 10:33:26",680.00
Thursday,FMC-K0502-KM,"AGNES OFORIWAA EKYE",27,"HARVEST, TITHE, WELFARE","2025-10-01 00:00:00","2026-08-01 00:00:00","2026-08-30 12:24:58",680.00
Monday,FMC-W0414-KM,"PHILOMENA KWOFIE",29,"HARVEST, TITHE, WELFARE","2025-11-01 00:00:00","2026-09-01 00:00:00","2026-09-06 09:02:49",680.00
Friday,FMC-D0615-KM,"GEORGINA ARTHUR",22,"HARVEST, TITHE, WELFARE","2025-11-01 00:00:00","2026-08-01 00:00:00","2026-08-30 09:40:58",670.00
Sunday,FMC-F0720-KM,"JUSTINA IMPRAIM",22,"HARVEST, TITHE, WELFARE","2025-10-01 00:00:00","2026-07-01 00:00:00","2026-07-26 12:26:16",670.00
Monday,FMC-F0702-KM,"JOYCE ARHIN",14,"HARVEST, TITHE, WELFARE","2025-10-01 00:00:00","2026-06-01 00:00:00","2026-06-14 11:27:44",660.00
Thursday,FMC-B0104-KM,"JOHN MENSAH",25,"HARVEST, TITHE, WELFARE","2025-10-01 00:00:00","2026-08-01 00:00:00","2026-08-30 12:29:08",660.00
Wednesday,FMC-D0524-KM,"GLADYS TRONU",10,"HARVEST, TITHE, WELFARE","2025-12-01 00:00:00","2026-06-01 00:00:00","2026-06-21 14:23:04",660.00
Monday,FMC-F0115-KM,"MARY BOAKYE SULEYMAN",31,"HARVEST, TITHE, WELFARE","2025-10-01 00:00:00","2026-08-01 00:00:00","2026-08-30 09:22:58",655.00
Friday,FMC-D0707-KM,"JUSTICE KWADZE AMISSAH",11,"TITHE, WELFARE","2025-06-01 00:00:00","2026-06-01 00:00:00","2026-07-12 10:33:40",650.80
Sunday,FMC-D0814-KM,"AGNES AMA ADANSE",11,"HARVEST, TITHE, WELFARE","2025-11-15 00:00:00","2026-08-01 00:00:00","2026-08-30 10:29:16",650.00
Thursday,FMC-D1014-KM,"SOPHIA BAABA ASHUN",31,"HARVEST, TITHE, WELFARE","2025-10-01 00:00:00","2026-08-01 00:00:00","2026-08-09 09:16:06",650.00
Thursday,FMC-K0504-KM,"CHARITY BAIDOO",6,"HARVEST, TITHE, WELFARE","2025-12-01 00:00:00","2026-08-01 00:00:00","2026-08-30 10:04:34",650.00
Saturday,FMC-A1321-KM,"DAVID FORSON",11,"HARVEST, TITHE, WELFARE","2025-09-01 00:00:00","2026-08-01 00:00:00","2026-08-30 10:42:01",650.00
Thursday,FMC-K0215-KM,"PATIENCE GYAPANIN",3,"HARVEST, TITHE, WELFARE","2025-11-01 00:00:00","2025-11-01 00:00:00","2025-11-16 09:55:55",650.00
Sunday,FMC-B0903-KM,"STEPHEN KWESI",6,"HARVEST, TITHE, WELFARE","2025-11-15 00:00:00","2026-02-01 00:00:00","2026-02-15 11:08:26",650.00
Monday,FMC-F0208-KM,"GEORGINA SERWAA OWUSU",6,"HARVEST, TITHE, WELFARE","2025-10-01 00:00:00","2025-12-01 00:00:00","2025-12-28 12:31:48",650.00
Saturday,FMC-W0219-KM,"GLADYS OWUSU",35,"APPEALS, HARVEST, TITHE, WELFARE","2025-11-01 00:00:00","2026-08-01 00:00:00","2026-08-30 11:05:22",650.00
Thursday,FMC-K0726-KM,"MARY OWUSUA",24,"TITHE, WELFARE","2026-04-01 00:00:00","2026-09-01 00:00:00","2026-09-06 11:00:48",650.00
Saturday,FMC-F0106-KM,"CECILIA YARTEL",8,"HARVEST, TITHE, WELFARE","2025-12-01 00:00:00","2026-09-01 00:00:00","2026-09-06 09:04:36",650.00
Sunday,FMC-B0209-KM,"ISAAC MENSAH",25,"HARVEST, TITHE, WELFARE","2025-10-01 00:00:00","2026-08-01 00:00:00","2026-08-30 11:24:56",645.00
Wednesday,FMC-F0514-KM,"MAVIS AGGREY",41,"HARVEST, TITHE, WELFARE","2025-10-01 00:00:00","2026-09-01 00:00:00","2026-09-06 11:37:35",640.00
Tuesday,FMC-B0313-KM,"LINDA FOSU",20,"HARVEST, TITHE, WELFARE","2025-10-01 00:00:00","2026-09-01 00:00:00","2026-09-06 10:56:38",640.00
Sunday,FMC-W1003-KM,"JAMES ANOKYE",32,"HARVEST, TITHE, WELFARE","2025-10-01 00:00:00","2026-08-01 00:00:00","2026-08-30 11:59:38",630.00
Thursday,FMC-F0614-KM,"DIANA YANFUL",22,"SOMBI, Thanks Offering, TITHE, WELFARE","2025-08-01 00:00:00","2026-07-01 00:00:00","2026-07-12 09:30:56",630.00
Wednesday,FMC-W0816-KM,"REBECCA QUAW",30,"HARVEST, TITHE, WELFARE","2025-10-01 00:00:00","2026-08-01 00:00:00","2026-08-30 12:24:58",627.00
Friday,FMC-W0711-KM,"VICTORIA HAYNES",25,"HARVEST, TITHE, WELFARE","2025-10-01 00:00:00","2026-08-01 00:00:00","2026-08-02 10:57:50",625.00
Sunday,FMC-A0402-KM,"GRACE JOHNFIAH",27,"HARVEST, TITHE, WELFARE","2025-10-01 00:00:00","2026-08-01 00:00:00","2026-08-30 11:15:37",625.00
Monday,FMC-A1307-KM,"ELIZABETH COBBINAH",10,"HARVEST, TITHE, WELFARE","2025-11-15 00:00:00","2026-09-01 00:00:00","2026-09-06 12:13:00",620.00
Tuesday,FMC-B0506-KM,"JANE GHARTEY",32,"HARVEST, TITHE, WELFARE","2025-10-01 00:00:00","2026-08-01 00:00:00","2026-08-30 09:56:15",620.00
Sunday,FMC-W0413-KM,"KATE MBIR",33,"HARVEST, TITHE, WELFARE","2025-10-01 00:00:00","2026-08-01 00:00:00","2026-08-30 11:05:22",620.00
Thursday,FMC-B0605-KM,"ELIZABETH MOZU",16,"HARVEST, TITHE, WELFARE","2025-10-01 00:00:00","2026-08-01 00:00:00","2026-08-09 09:37:10",620.00
Saturday,FMC-F0503-KM,"ELIZABETH ASARE",26,"HARVEST, TITHE, WELFARE","2025-10-01 00:00:00","2026-07-01 00:00:00","2026-07-05 09:52:15",615.00
Wednesday,FMC-W0910-KM,"VICTORIA ABBEY",28,"HARVEST, TITHE, WELFARE","2025-10-01 00:00:00","2026-08-01 00:00:00","2026-08-30 11:53:48",610.00
Thursday,FMC-W0424-KM,"GLADYS NTAMAH",19,"HARVEST, TITHE, WELFARE","2026-02-01 00:00:00","2026-08-01 00:00:00","2026-08-30 10:57:16",610.00
Sunday,FMC-F0311-KM,"MARY NTARMAH",16,"HARVEST, TITHE, WELFARE","2025-10-01 00:00:00","2026-06-01 00:00:00","2026-06-07 11:03:57",610.00
Monday,FMC-D0503-KM,"CECILIA YAMOAH",38,"HARVEST, TITHE, WELFARE","2025-10-01 00:00:00","2026-09-01 00:00:00","2026-09-06 11:21:28",610.00
Thursday,FMC-B0804-KM,"EVELYN ARMOH",17,"HARVEST, TITHE, WELFARE","2025-09-01 00:00:00","2026-05-01 00:00:00","2026-05-10 12:02:31",605.00
Sunday,FMC-F0605-KM,"FELICIA IMPRAIM",23,"HARVEST, TITHE, WELFARE","2025-10-01 00:00:00","2026-08-01 00:00:00","2026-08-30 13:51:52",605.00
Friday,FMC-W0216-KM,"PAUL AINOO",15,"FWB Yesu Bogya Mu, HARVEST, TITHE, WELFARE","2025-09-01 00:00:00","2026-08-01 00:00:00","2026-08-31 18:28:20",601.00
Saturday,FMC-D0109-KM,"ELIZABETH QUAICOE",77,"HARVEST, TITHE, WELFARE","2025-10-01 00:00:00","2026-08-01 00:00:00","2026-08-30 11:06:39",601.00
Thursday,FMC-B0108-KM,"AGNES ADDO",14,"TITHE, WELFARE","2025-10-01 00:00:00","2026-08-01 00:00:00","2026-08-30 12:24:35",600.00
Friday,FMC-B0317-KM,"KOFI ASARE AHENKORAH",4,"HARVEST, TITHE, WELFARE","2025-11-01 00:00:00","2025-11-01 00:00:00","2025-11-23 10:02:09",600.00
Friday,FMC-A1004-KM,"DAVID KWAME AMANDEH",10,"TITHE, WELFARE","2026-03-01 00:00:00","2026-06-01 00:00:00","2026-06-28 10:03:40",600.00
Wednesday,FMC-W0509-KM,"RICHMOND ASAMOAH",6,"TITHE, WELFARE","2025-11-01 00:00:00","2026-07-01 00:00:00","2026-07-19 10:15:17",600.00
Wednesday,FMC-A0313-KM,"CELESTINA BORZAH",3,TITHE,"2026-01-01 00:00:00","2026-03-01 00:00:00","2026-04-19 10:07:54",600.00
Friday,FMC-D0911-KM,"SARAH ENCHILL",18,"TITHE, WELFARE","2025-10-01 00:00:00","2026-08-01 00:00:00","2026-08-30 11:12:53",600.00
Friday,FMC-W0913-KM,"GEORGINA ENU KWESI",15,"HARVEST, TITHE, WELFARE","2025-09-01 00:00:00","2026-08-01 00:00:00","2026-08-09 09:31:38",600.00
Thursday,FMC-W0426-KM,"MATTIAS MENSAH",12,"HARVEST, TITHE, WELFARE","2026-05-01 00:00:00","2026-08-01 00:00:00","2026-08-02 11:17:35",600.00
Tuesday,FMC-F0922-KM,"SAMUEL FYNN MENSAH",2,TITHE,"2026-02-01 00:00:00","2026-03-01 00:00:00","2026-04-26 11:14:06",600.00
Monday,FMC-A0104-KM,"BETTY OSEI",8,"TITHE, WELFARE","2025-12-01 00:00:00","2026-07-01 00:00:00","2026-07-12 10:36:09",600.00
Saturday,FMC-A0713-KM,"EUNICE ARYEEQUAYE",35,"HARVEST, TITHE, WELFARE","2025-09-01 00:00:00","2026-08-01 00:00:00","2026-08-30 11:36:39",595.00
Sunday,FMC-D0209-KM,"OBENG DIANA",21,"HARVEST, TITHE, WELFARE","2025-10-01 00:00:00","2026-08-01 00:00:00","2026-08-09 09:28:48",595.00
Sunday,FMC-F0504-KM,"CHARITY DICKSON",23,"HARVEST, TITHE, WELFARE","2025-10-01 00:00:00","2026-07-01 00:00:00","2026-07-12 10:39:13",595.00
Wednesday,FMC-D0205-KM,"ARMO AGNES",40,"TITHE, WELFARE","2025-11-01 00:00:00","2026-08-01 00:00:00","2026-08-09 09:10:14",590.00
Saturday,FMC-D0407-KM,"ESTHER ARCHER",21,"HARVEST, TITHE, WELFARE","2025-11-01 00:00:00","2026-08-01 00:00:00","2026-08-02 10:38:52",590.00
Saturday,FMC-A1101-KM,"MOSES KWABENA ARHIN",10,"HARVEST, TITHE, WELFARE","2025-11-15 00:00:00","2026-05-01 00:00:00","2026-05-24 12:13:27",590.00
Wednesday,FMC-D0711-KM,"MARY DANFUL BAUBIN",9,"HARVEST, TITHE, WELFARE","2025-10-01 00:00:00","2026-07-01 00:00:00","2026-07-05 12:09:11",590.00
Friday,FMC-W0908-KM,"ELIZABETH HUGHES",29,"HARVEST, TITHE, WELFARE","2025-10-01 00:00:00","2026-08-01 00:00:00","2026-08-30 13:13:37",590.00
Monday,FMC-W1007-KM,"CECILIA OBENG",18,"HARVEST, TITHE, WELFARE","2025-11-01 00:00:00","2026-09-01 00:00:00","2026-09-06 12:35:30",590.00
Tuesday,FMC-F0403-KM,"ANNA SAM",12,"HARVEST, TITHE, WELFARE","2025-10-01 00:00:00","2026-04-01 00:00:00","2026-04-05 09:27:43",590.00
Sunday,FMC-A1316-KM,"REBECCA YAWSON",15,"HARVEST, TITHE, WELFARE","2025-11-15 00:00:00","2026-09-01 00:00:00","2026-09-06 10:11:44",590.00
Monday,FMC-F0622-KM,"CECILIA MANU",34,"HARVEST, TITHE, WELFARE","2025-10-01 00:00:00","2026-08-01 00:00:00","2026-08-30 10:30:55",585.00
Wednesday,FMC-D0601-KM,"MOSES ADJEI AGYAPONG",17,"HARVEST, TITHE, WELFARE","2025-10-01 00:00:00","2026-07-01 00:00:00","2026-07-26 12:40:29",580.00
Tuesday,FMC-F0218-KM,"ELIZABETH EHURONG",12,"TITHE, WELFARE","2025-12-01 00:00:00","2026-08-01 00:00:00","2026-08-02 11:58:20",580.00
Thursday,FMC-B0308-KM,"EFUA MANSAH",43,"HARVEST, TITHE, WELFARE","2025-10-01 00:00:00","2026-09-01 00:00:00","2026-09-06 12:38:51",580.00
Thursday,FMC-B0314-KM,"LILLY NWITANOE",59,"HARVEST, TITHE, WELFARE","2025-10-01 00:00:00","2026-09-01 00:00:00","2026-09-06 13:23:28",580.00
Wednesday,FMC-D0417-KM,"FAUSTINA ARMAH",26,"HARVEST, TITHE, WELFARE","2025-11-01 00:00:00","2026-08-01 00:00:00","2026-08-31 18:06:12",575.00
Sunday,FMC-D0812-KM,"GEORGINA AGGREY",17,"HARVEST, TITHE, WELFARE","2025-11-15 00:00:00","2026-07-01 00:00:00","2026-07-26 09:48:59",570.00
Tuesday,FMC-F0105-KM,"NANCY MENSAH",22,"HARVEST, TITHE, WELFARE","2025-11-01 00:00:00","2026-07-01 00:00:00","2026-07-19 11:44:11",570.00
Saturday,FMC-W0117-KM,"MARY AIDOO",32,"HARVEST, TITHE, WELFARE","2025-11-01 00:00:00","2026-08-01 00:00:00","2026-08-31 18:28:20",565.00
Tuesday,FMC-W0211-KM,"FLORENCE COBBINAH",28,"HARVEST, TITHE, WELFARE","2025-09-01 00:00:00","2026-08-01 00:00:00","2026-08-31 18:28:20",565.00
Tuesday,FMC-W0207-KM,"MONICA 1965-06-15 YAMOAH",21,"HARVEST, TITHE, WELFARE","2025-10-01 00:00:00","2026-07-01 00:00:00","2026-07-05 11:07:31",565.00
Tuesday,FMC-A1114-KM,"THOMAS KOJO AMOAH",17,"HARVEST, TITHE, WELFARE","2025-11-01 00:00:00","2026-07-01 00:00:00","2026-07-26 09:47:17",560.00
Wednesday,FMC-K0910-KM,"DINA CUDJOE",13,"HARVEST, TITHE, WELFARE","2025-10-01 00:00:00","2026-05-01 00:00:00","2026-05-03 10:06:46",560.00
Monday,FMC-W0703-KM,"JUSTICE CUDJOE",23,"HARVEST, TITHE, WELFARE","2025-10-01 00:00:00","2026-08-01 00:00:00","2026-08-30 11:56:06",560.00
Thursday,FMC-A0711-KM,"ELIZABETH KOOMSON",14,"TITHE, WELFARE","2025-11-01 00:00:00","2026-09-01 00:00:00","2026-09-06 12:17:21",560.00
Monday,FMC-K0920-KM,"EMMNAUEL ESI OTOO",7,"HARVEST, TITHE, WELFARE","2026-01-01 00:00:00","2026-08-01 00:00:00","2026-08-31 17:51:56",560.00
Tuesday,FMC-A0223-KM,"THEOPHILUS EBIRAM",2,"TITHE, WELFARE","2026-06-01 00:00:00","2026-06-01 00:00:00","2026-06-07 10:02:51",555.00
Sunday,FMC-A0224-KM,"GRACE NTSIFUL",2,"TITHE, WELFARE","2026-06-01 00:00:00","2026-06-01 00:00:00","2026-06-07 10:09:16",555.00
Monday,FMC-A0819-KM,"HANNAH ACQUAH-EGHAN",13,"HARVEST, TITHE, WELFARE","2025-10-01 00:00:00","2026-05-01 00:00:00","2026-05-10 11:09:56",550.00
Saturday,FMC-K0804-KM,"COMFORT ATTEEN",21,"HARVEST, TITHE, WELFARE","2025-11-01 00:00:00","2026-07-01 00:00:00","2026-07-12 10:54:31",550.00
Wednesday,FMC-B0105-KM,"PAUL AMO BOTCHWAY",6,"HARVEST, TITHE, WELFARE","2025-11-15 00:00:00","2026-07-01 00:00:00","2026-07-05 10:29:45",550.00
Wednesday,FMC-W0917-KM,"PATRICK MENSAH",15,"HARVEST, TITHE, WELFARE","2025-10-01 00:00:00","2026-03-01 00:00:00","2026-03-22 09:42:52",550.00
Tuesday,FMC-W0411-KM,"GRACE TWUMWAA",21,"HARVEST, TITHE, WELFARE","2025-10-01 00:00:00","2026-08-01 00:00:00","2026-08-09 09:43:34",550.00
Wednesday,FMC-F0616-KM,"SOPHIA AMOAH",31,"HARVEST, TITHE, WELFARE","2025-10-01 00:00:00","2026-08-01 00:00:00","2026-08-09 08:42:41",545.00
Monday,FMC-A0705-KM,"PATRICIA FRIMPONG",26,"HARVEST, TITHE, WELFARE","2025-10-01 00:00:00","2026-08-01 00:00:00","2026-08-30 10:42:01",540.00
Sunday,FMC-F0308-KM,"MARGARET NTEFUL",38,"HARVEST, TITHE, WELFARE","2025-10-01 00:00:00","2026-09-01 00:00:00","2026-09-06 10:04:26",540.00
Monday,FMC-K0813-KM,"GRACE STEPHENS",22,"HARVEST, TITHE, WELFARE","2025-10-01 00:00:00","2026-08-01 00:00:00","2026-08-30 11:26:05",540.00
Monday,FMC-W0608-KM,"COMFORT YALLEY",24,"HARVEST, TITHE, WELFARE","2025-10-01 00:00:00","2026-09-01 00:00:00","2026-09-06 12:11:45",537.00
Sunday,FMC-D0308-KM,"COMFORT ANNAN",26,"HARVEST, TITHE, WELFARE","2025-10-01 00:00:00","2026-09-01 00:00:00","2026-09-06 11:16:46",530.00
Friday,FMC-K0802-KM,"COMFORT DARKWA",24,"HARVEST, TITHE, WELFARE","2025-09-01 00:00:00","2026-09-01 00:00:00","2026-09-06 11:11:45",530.00
Monday,FMC-A0509-KM,"ROSE OSEI",10,"TITHE, WELFARE","2025-10-01 00:00:00","2026-05-01 00:00:00","2026-05-17 10:09:34",530.00
Tuesday,FMC-F0109-KM,"HANNAH ARABA WOODE",28,"HARVEST, TITHE, WELFARE","2025-10-01 00:00:00","2026-08-01 00:00:00","2026-08-30 09:53:47",530.00
Saturday,FMC-A0718-KM,"AGNES QUAYSON",41,"HARVEST, TITHE, WELFARE","2025-10-01 00:00:00","2026-08-01 00:00:00","2026-08-31 17:38:23",528.00
Monday,FMC-D0602-KM,"ENOCH ANNANCY",10,"HARVEST, TITHE, WELFARE","2025-10-01 00:00:00","2026-07-01 00:00:00","2026-07-12 11:39:28",520.00
Tuesday,FMC-F0117-KM,"MARIAN EWOOL",7,"HARVEST, TITHE, WELFARE","2025-11-01 00:00:00","2026-08-01 00:00:00","2026-08-09 09:56:03",520.00
Saturday,FMC-A0513-KM,"GLORIA OKAE-ASARE",2,"TITHE, WELFARE","2025-10-01 00:00:00","2025-10-01 00:00:00","2025-10-19 14:25:08",520.00
Wednesday,FMC-W0807-KM,"KWAME OTCHERE-APPIAH",20,"TITHE, WELFARE","2025-11-01 00:00:00","2026-07-01 00:00:00","2026-07-19 09:55:12",520.00
Friday,FMC-D0619-KM,"MARGARET DUODU",21,"HARVEST, TITHE, WELFARE","2025-11-01 00:00:00","2026-08-01 00:00:00","2026-08-02 09:32:44",515.00
Sunday,FMC-W0922-KM,"ERNESTINA ADJIE",7,"HARVEST, TITHE, WELFARE","2025-11-01 00:00:00","2026-09-01 00:00:00","2026-09-06 11:26:33",510.00
Thursday,FMC-D0317-KM,"MARIE YOLANDE A BEDIAKO",5,"HARVEST, TITHE, WELFARE","2025-11-01 00:00:00","2026-02-01 00:00:00","2026-02-01 10:36:02",510.00
Saturday,FMC-K0807-KM,"VICTOR OFORI MINTAH",22,"HARVEST, TITHE, WELFARE","2025-10-01 00:00:00","2026-06-01 00:00:00","2026-06-07 11:29:10",510.00
Tuesday,FMC-A0820-KM,"SAMUELLA PAINTSIL",5,"TITHE, WELFARE","2026-04-01 00:00:00","2026-07-01 00:00:00","2026-07-19 12:08:11",503.00
Friday,FMC-F0220-KM,"BENEDICTA QUAYSON-OTOO",11,"APPEALS, Charity Fund, Grace Box, HARVEST, OFFERING, SOMBI, TITHE, WELFARE","2025-06-01 00:00:00","2025-10-01 00:00:00","2025-10-05 20:02:51",500.41
Friday,FMC-W0918-KM,"ALICE AMPOMAH",8,"HARVEST, TITHE, WELFARE","2025-11-01 00:00:00","2026-05-01 00:00:00","2026-05-24 10:11:03",500.00
Friday,FMC-B0405-KM,"BEATRICE ANDOH",13,"HARVEST, TITHE, WELFARE","2025-10-01 00:00:00","2026-07-01 00:00:00","2026-07-19 09:49:40",500.00
Monday,FMC-B0511-KM,"CHRISTIANA JOHNSON",34,"HARVEST, TITHE, WELFARE","2025-11-01 00:00:00","2026-08-01 00:00:00","2026-08-30 11:02:54",500.00
Tuesday,FMC-A1015-KM,"RANSFORD KOOMSON",2,"TITHE, WELFARE","2025-10-01 00:00:00","2025-10-01 00:00:00","2025-10-05 10:53:16",500.00
Monday,FMC-F0521-KM,"RICHARD KWEKU",11,"HARVEST, TITHE, WELFARE","2025-12-01 00:00:00","2026-08-01 00:00:00","2026-08-02 12:59:08",500.00
Tuesday,FMC-F0424-KM,"JOAN ARABA ODOOM",5,"HARVEST, TITHE, WELFARE","2025-12-01 00:00:00","2026-06-01 00:00:00","2026-07-05 13:31:25",500.00
Wednesday,FMC-K0205-KM,"COSMOS OPOKU",1,HARVEST,"2025-11-01 00:00:00","2025-11-01 00:00:00","2025-11-16 11:21:39",500.00
Wednesday,FMC-B0908-KM,"MAYFRED QUARSHIE",8,"TITHE, WELFARE","2026-02-01 00:00:00","2026-07-01 00:00:00","2026-07-26 13:28:27",500.00
Saturday,FMC-A0719-KM,"CYNTHIA ADONLE",13,"HARVEST, TITHE, WELFARE","2025-11-01 00:00:00","2026-08-01 00:00:00","2026-08-09 11:19:25",490.00
Monday,FMC-W0115-KM,"WELMA BOATENG",18,"TITHE, WELFARE","2025-10-01 00:00:00","2026-07-01 00:00:00","2026-07-12 09:21:30",490.00
Sunday,FMC-B0813-KM,"GIFTY KORKOR",19,"HARVEST, TITHE, WELFARE","2025-10-01 00:00:00","2026-08-01 00:00:00","2026-08-02 12:10:07",490.00
Friday,FMC-B0316-KM,"LUCY MANSA",20,"TITHE, WELFARE","2025-11-01 00:00:00","2026-08-01 00:00:00","2026-08-09 09:59:58",490.00
Monday,FMC-A1320-KM,"EBENEZER SAGOE",18,"TITHE, WELFARE","2025-10-01 00:00:00","2026-08-01 00:00:00","2026-08-31 17:38:23",490.00
Monday,FMC-D0607-KM,"AGNES NANA ADU ANTWI ASAMOAH",39,"HARVEST, TITHE, WELFARE","2025-10-01 00:00:00","2026-09-01 00:00:00","2026-09-06 11:12:52",485.00
Thursday,FMC-W0503-KM,"STEPHEN OTU BANAFO",12,"HARVEST, TITHE, WELFARE","2025-12-01 00:00:00","2026-08-01 00:00:00","2026-08-30 13:41:10",485.00
Thursday,FMC-A0309-KM,"GLADYS ABANKWAH",6,"TITHE, WELFARE","2025-10-01 00:00:00","2025-12-01 00:00:00","2025-12-14 11:24:28",480.00
Saturday,FMC-A1617-KM,"CHRISTABEL YORKE",10,"TITHE, WELFARE","2026-05-01 00:00:00","2026-08-01 00:00:00","2026-08-30 12:18:46",480.00
Monday,FMC-K0616-KM,"MERCY ACQUAH",30,"HARVEST, TITHE, WELFARE","2025-10-01 00:00:00","2026-08-01 00:00:00","2026-08-30 10:52:58",475.00
Thursday,FMC-D0713-KM,"THERESA BEKOE",9,"HARVEST, TITHE, WELFARE","2025-11-15 00:00:00","2026-08-01 00:00:00","2026-08-31 18:01:54",475.00
Tuesday,FMC-B0102-KM,"JUSTICE NANA AMOFA",4,"HARVEST, TITHE, WELFARE","2025-11-15 00:00:00","2025-12-01 00:00:00","2025-12-21 09:26:03",470.00
Monday,FMC-F0522-KM,"SOPHIA ASIEDU",17,"HARVEST, TITHE, WELFARE","2025-10-01 00:00:00","2026-08-01 00:00:00","2026-08-02 12:37:28",470.00
Wednesday,FMC-F0506-KM,"HANNAH BERBU",29,"HARVEST, TITHE, WELFARE","2025-10-01 00:00:00","2026-08-01 00:00:00","2026-08-09 08:40:11",470.00
Monday,FMC-K0507-KM,"HANSON DOTSEY",11,"HARVEST, TITHE, WELFARE","2025-10-01 00:00:00","2026-07-01 00:00:00","2026-07-12 10:52:32",470.00
Wednesday,FMC-W0513-KM,"GLADYS KANKAM",14,"HARVEST, TITHE, WELFARE","2025-10-01 00:00:00","2026-08-01 00:00:00","2026-08-30 11:08:16",470.00
Monday,FMC-K0301-KM,"MONICA DEDE ODONKOR NTIAMOAH",5,"HARVEST, TITHE, WELFARE","2025-11-01 00:00:00","2026-08-01 00:00:00","2026-08-02 11:43:18",470.00
Tuesday,FMC-B0621-KM,"ERNESTINA ARTHUR",28,"HARVEST, TITHE, WELFARE","2025-10-01 00:00:00","2026-08-01 00:00:00","2026-08-31 18:20:16",465.00
Saturday,FMC-B0807-KM,"HANNAH MENSAH",40,"HARVEST, TITHE, WELFARE","2025-10-01 00:00:00","2026-08-01 00:00:00","2026-08-30 12:41:46",465.00
Friday,FMC-A0808-KM,"VIVIAN ADU",24,"HARVEST, TITHE, WELFARE","2025-11-01 00:00:00","2026-07-01 00:00:00","2026-07-26 10:51:46",460.00
Thursday,FMC-K0112-KM,"JOSEPH KOBINA ESSIEN",11,"HARVEST, TITHE, WELFARE","2025-11-01 00:00:00","2026-07-01 00:00:00","2026-07-19 09:09:30",460.00
Tuesday,FMC-D0816-KM,"REBECCA PRAH",13,"HARVEST, TITHE, WELFARE","2025-10-01 00:00:00","2026-02-01 00:00:00","2026-02-08 09:43:38",460.00
Monday,FMC-A1009-KM,"JAMES ASEMNYINAH",32,"HARVEST, TITHE, WELFARE","2025-10-01 00:00:00","2026-09-01 00:00:00","2026-09-06 12:29:53",455.00
Tuesday,FMC-D0612-KM,"CONSTANCE AFFUM",23,"HARVEST, TITHE, WELFARE","2025-10-01 00:00:00","2026-08-01 00:00:00","2026-08-02 10:12:40",450.00
Saturday,FMC-A0316-KM,"REGINA ANSAH",8,"TITHE, WELFARE","2025-12-01 00:00:00","2026-07-01 00:00:00","2026-07-05 09:40:07",450.00
Monday,FMC-J0101-KM,"DANIEL KWEKU ANTWI",3,TITHE,"2026-06-01 00:00:00","2026-06-01 00:00:00","2026-06-06 20:50:05",450.00
Monday,FMC-D0310-KM,"DORCAS DONKOR",17,"HARVEST, TITHE, WELFARE","2025-10-01 00:00:00","2026-08-01 00:00:00","2026-08-02 10:32:12",450.00
Monday,FMC-A0220-KM,"CONSTANCE SAMUELLA ESSIEN",8,"HARVEST, TITHE, WELFARE","2025-11-01 00:00:00","2026-09-01 00:00:00","2026-09-06 12:05:28",450.00
Wednesday,FMC-A1007-KM,"FRANCIS ESSIEN",25,"HARVEST, TITHE, WELFARE","2025-09-01 00:00:00","2026-09-01 00:00:00","2026-09-06 09:55:09",450.00
Wednesday,FMC-A1505-KM,"MAXWELL HAGAN",9,"HARVEST, TITHE, WELFARE","2025-10-01 00:00:00","2026-05-01 00:00:00","2026-05-03 09:42:21",450.00
Monday,FMC-F0618-KM,"AGNES QUAINOO",13,"HARVEST, TITHE, WELFARE","2025-12-01 00:00:00","2026-08-01 00:00:00","2026-08-30 12:22:58",450.00
Saturday,FMC-W0716-KM,"BARNABAS KWESI YANKEY",3,HARVEST,"2025-11-01 00:00:00","2025-12-01 00:00:00","2025-12-07 09:04:03",450.00
Tuesday,FMC-W0803-KM,"JAMES LEWAREL APPREY",35,"HARVEST, TITHE, WELFARE","2025-10-01 00:00:00","2026-08-01 00:00:00","2026-08-30 10:52:58",445.00
Wednesday,FMC-D0102-KM,"ALICE ESSUMAN",38,"HARVEST, TITHE, WELFARE","2025-09-01 00:00:00","2026-08-01 00:00:00","2026-08-31 18:06:12",445.00
Tuesday,FMC-B0512-KM,"ESI AFEDZEI",24,"HARVEST, TITHE, WELFARE","2025-10-01 00:00:00","2026-07-01 00:00:00","2026-07-12 10:21:36",440.00
Thursday,FMC-W0516-KM,"MARY HAYFORD",14,"HARVEST, TITHE, WELFARE","2025-11-01 00:00:00","2026-08-01 00:00:00","2026-08-30 11:05:22",440.00
Friday,FMC-D1010-KM,"JOANA YAABA",34,"HARVEST, TITHE, WELFARE","2025-10-01 00:00:00","2026-09-01 00:00:00","2026-09-06 12:53:42",435.00
Monday,FMC-D0703-KM,"CHARLES ARKO NARH",9,"HARVEST, TITHE, WELFARE","2025-11-15 00:00:00","2026-05-01 00:00:00","2026-05-24 12:00:53",430.00
Wednesday,FMC-A0803-KM,"SAMUEL ASMAH",16,"TITHE, WELFARE","2025-10-01 00:00:00","2026-07-01 00:00:00","2026-07-12 10:38:37",430.00
Wednesday,FMC-A1221-KM,"SUSUANA DADZIE",16,"HARVEST, TITHE, WELFARE","2025-10-01 00:00:00","2026-08-01 00:00:00","2026-08-09 09:40:13",430.00
Saturday,FMC-B0504-KM,"EMMANUEL KOFI",24,"TITHE, WELFARE","2025-10-01 00:00:00","2026-09-01 00:00:00","2026-09-06 10:42:00",430.00
Friday,FMC-T0115-KM,"maxwell kofi narh",3,TITHE,"2026-06-01 00:00:00","2026-06-01 00:00:00","2026-06-06 20:51:14",430.00
Saturday,FMC-W0914-KM,"CECILIA SMITH",25,"HARVEST, TITHE, WELFARE","2025-09-01 00:00:00","2026-08-01 00:00:00","2026-08-30 11:05:22",430.00
Sunday,FMC-K0221-KM,"KYERAAH CHRISTIAN",16,"HARVEST, TITHE, WELFARE","2026-04-01 00:00:00","2026-08-01 00:00:00","2026-08-30 12:03:45",426.00
Saturday,FMC-W0907-KM,"COMFORT ARTHUR",13,"HARVEST, TITHE, WELFARE","2025-11-01 00:00:00","2026-07-01 00:00:00","2026-07-05 10:58:57",425.00
Monday,FMC-D0506-KM,"GRACE ACKOM",22,"HARVEST, TITHE, WELFARE","2025-11-01 00:00:00","2026-08-01 00:00:00","2026-08-30 10:47:23",424.00
Friday,FMC-A1403-KM,"KOFI ADARKWAH",10,"HARVEST, TITHE, WELFARE","2025-11-15 00:00:00","2026-06-01 00:00:00","2026-06-28 10:22:04",420.00
Sunday,FMC-W0815-KM,"REBECCA AIDOO",6,"HARVEST, TITHE, WELFARE","2025-10-01 00:00:00","2026-02-01 00:00:00","2026-02-22 11:56:39",420.00
Saturday,FMC-A0926-KM,"RICHARD AMUAFUL",4,"TITHE, WELFARE","2026-07-01 00:00:00","2026-07-01 00:00:00","2026-07-26 09:07:51",420.00
Friday,FMC-W0921-KM,"GRACE ANNAN",5,"HARVEST, TITHE, WELFARE","2025-11-01 00:00:00","2026-04-01 00:00:00","2026-04-26 08:21:23",420.00
Saturday,FMC-F0507-KM,"VIDA ESSIEN",5,"HARVEST, TITHE, WELFARE","2025-11-15 00:00:00","2026-02-01 00:00:00","2026-02-08 08:45:19",420.00
Sunday,FMC-F0402-KM,"AGNES TAYLOR",10,"TITHE, WELFARE","2026-01-01 00:00:00","2026-07-01 00:00:00","2026-07-19 09:13:11",420.00
Saturday,FMC-W0306-KM,"JENNIFER VANNESA TUFFOUR",16,"HARVEST, TITHE, WELFARE","2025-11-15 00:00:00","2026-09-01 00:00:00","2026-09-06 11:01:32",420.00
Friday,FMC-W0303-KM,"FREDERICK BROWN",26,"HARVEST, TITHE, WELFARE","2025-10-01 00:00:00","2026-09-01 00:00:00","2026-09-06 09:29:09",415.00
Wednesday,FMC-A0404-KM,"HANNAH EKUA MENSAH",15,"HARVEST, TITHE, WELFARE","2025-11-01 00:00:00","2026-08-01 00:00:00","2026-08-30 11:32:44",415.00
Wednesday,FMC-D0902-KM,"ABENA TANDOH",12,"HARVEST, TITHE, WELFARE","2025-11-15 00:00:00","2026-06-01 00:00:00","2026-06-21 15:39:51",415.00
Monday,FMC-K0517-KM,"GRACE QUAYSON",33,"HARVEST, TITHE, WELFARE","2025-10-01 00:00:00","2026-08-01 00:00:00","2026-08-30 12:29:32",413.00
Thursday,FMC-B0206-KM,"PATRICIA PEARL APPIAH -BINEY",8,"TITHE, WELFARE","2025-11-01 00:00:00","2026-05-01 00:00:00","2026-05-31 10:25:17",410.00
Thursday,FMC-F0312-KM,"EMMA NANOO",27,"HARVEST, TITHE, WELFARE","2025-09-01 00:00:00","2026-05-01 00:00:00","2026-05-10 12:31:13",410.00
Sunday,FMC-B0402-KM,"MATTHEW WIREDU",16,"TITHE, WELFARE","2025-09-01 00:00:00","2026-08-01 00:00:00","2026-08-30 09:56:15",410.00
Monday,FMC-K0508-KM,"DORIS ASIEDU",33,"HARVEST, TITHE, WELFARE","2025-10-01 00:00:00","2026-09-01 00:00:00","2026-09-06 10:04:43",406.00
Saturday,FMC-F0307-KM,"MARGARET ESHUN",37,"HARVEST, TITHE, WELFARE","2025-11-01 00:00:00","2026-08-01 00:00:00","2026-08-30 12:21:57",404.00
Monday,FMC-D0909-KM,"LETICIA ESSEIN ADANSE",27,"HARVEST, TITHE, WELFARE","2025-09-01 00:00:00","2026-09-01 00:00:00","2026-09-06 11:45:21",400.00
Friday,FMC-B0918-KM,"VINCENT AINOO",8,"TITHE, WELFARE","2025-11-01 00:00:00","2026-08-01 00:00:00","2026-08-30 09:56:15",400.00
Thursday,FMC-B0513-KM,"PRINCE AWIAH",16,"TITHE, WELFARE","2025-11-01 00:00:00","2026-07-01 00:00:00","2026-07-12 10:15:59",400.00
Saturday,FMC-A1313-KM,"SUSUANA EDWINA BAIDEN",16,"HARVEST, TITHE, WELFARE","2025-11-01 00:00:00","2026-08-01 00:00:00","2026-08-30 11:13:32",400.00
Thursday,FMC-K0309-KM,"SUSANA FORTUNE EHURONG",10,"TITHE, WELFARE","2025-10-01 00:00:00","2026-08-01 00:00:00","2026-08-02 09:38:45",400.00
Tuesday,FMC-K0620-KM,"AGNES IMPRAIM",10,"HARVEST, TITHE, WELFARE","2025-12-01 00:00:00","2026-07-01 00:00:00","2026-07-26 08:55:21",400.00
Tuesday,FMC-W0512-KM,"ISAAC BEN JOHNSON",3,"HARVEST, TITHE, WELFARE","2025-11-15 00:00:00","2025-12-01 00:00:00","2025-12-28 12:49:22",400.00
Monday,FMC-W1005-KM,"DOREEN KLUTSEY",3,"HARVEST, TITHE, WELFARE","2026-04-01 00:00:00","2026-04-01 00:00:00","2026-04-05 13:41:49",400.00
Wednesday,FMC-F0412-KM,"ABU MORO",5,"HARVEST, TITHE, WELFARE","2025-11-01 00:00:00","2025-11-15 00:00:00","2025-11-15 00:00:00",400.00
Wednesday,FMC-A0519-KM,"ABIGAIL TURKSON",8,"TITHE, WELFARE","2026-02-01 00:00:00","2026-07-01 00:00:00","2026-07-05 12:04:13",400.00
Friday,FMC-K0304-KM,"ESTHER OKYERE",34,"HARVEST, TITHE, WELFARE","2025-10-01 00:00:00","2026-08-01 00:00:00","2026-08-31 17:53:01",395.00
Wednesday,FMC-W0504-KM,"SARAH ARTHUR",29,"HARVEST, TITHE, WELFARE","2025-09-01 00:00:00","2026-04-01 00:00:00","2026-04-26 10:03:22",394.00
Friday,FMC-A0327-KM,"HELENA ADDISON",16,"TITHE, WELFARE","2026-02-01 00:00:00","2026-08-01 00:00:00","2026-08-30 10:48:27",390.00
Tuesday,FMC-A1117-KM,"THERESAH PRUDENCE AYAVI",11,"HARVEST, TITHE, WELFARE","2025-11-01 00:00:00","2026-06-01 00:00:00","2026-06-28 10:22:04",390.00
Sunday,FMC-A1103-KM,"BEATRICE ARMA KAYA FOSU",17,"HARVEST, TITHE, WELFARE","2025-10-01 00:00:00","2026-04-01 00:00:00","2026-04-05 13:48:20",390.00
Wednesday,FMC-D0611-KM,"MARGARET BINNEY",15,"HARVEST, TITHE, WELFARE","2025-10-01 00:00:00","2026-06-01 00:00:00","2026-06-07 10:48:28",384.00
Friday,FMC-D0425-KM,"MARGARET AMOAH",14,"TITHE, WELFARE","2025-10-01 00:00:00","2026-08-01 00:00:00","2026-08-30 11:03:44",380.00
Monday,FMC-K0306-KM,"ELLEN DENKYIRAH",8,"TITHE, WELFARE","2025-10-01 00:00:00","2026-08-01 00:00:00","2026-08-09 08:30:17",380.00
Wednesday,FMC-K0918-KM,"IRENE ESSUMAN",7,"HARVEST, TITHE, WELFARE","2025-11-01 00:00:00","2026-03-01 00:00:00","2026-03-25 18:49:40",380.00
Friday,FMC-K0820-KM,"PRISCILLA KWOFIE",12,"HARVEST, TITHE, WELFARE","2025-10-01 00:00:00","2026-05-01 00:00:00","2026-05-10 12:20:36",380.00
Sunday,FMC-F0725-KM,"CYTHIA PRAH",10,"HARVEST, TITHE, WELFARE","2026-04-01 00:00:00","2026-08-01 00:00:00","2026-08-30 09:04:36",380.00
Saturday,FMC-F0710-KM,"HANNAH MENSAH",20,"HARVEST, TITHE, WELFARE","2025-11-01 00:00:00","2026-07-01 00:00:00","2026-07-26 09:32:40",375.00
Monday,FMC-A1012-KM,"LYDIA OBENG",11,"HARVEST, TITHE, WELFARE","2025-10-01 00:00:00","2026-07-01 00:00:00","2026-07-19 12:31:29",375.00
Tuesday,FMC-D0413-KM,"JULIANA SIKA",24,"HARVEST, TITHE, WELFARE","2025-11-15 00:00:00","2026-07-01 00:00:00","2026-07-05 10:14:54",375.00
Saturday,FMC-D0620-KM,"DIANA AWORTWE",15,"HARVEST, TITHE, WELFARE","2025-11-01 00:00:00","2026-09-01 00:00:00","2026-09-06 09:39:24",370.00
Monday,FMC-W0715-KM,"ERNESTINA QUANSAH",9,"HARVEST, TITHE, WELFARE","2025-10-01 00:00:00","2026-06-01 00:00:00","2026-06-07 09:54:36",370.00
Friday,FMC-W0925-KM,"LYDIA AWORTWE",18,"TITHE, WELFARE","2025-12-01 00:00:00","2026-08-01 00:00:00","2026-08-30 13:10:01",366.00
Friday,FMC-A0219-KM,"CONSTANCE BEENUYIE",10,"HARVEST, TITHE, WELFARE","2025-11-01 00:00:00","2026-07-01 00:00:00","2026-07-26 12:16:08",365.00
Saturday,FMC-F0420-KM,"ERIC QUANSAH",20,"HARVEST, TITHE, WELFARE","2025-11-01 00:00:00","2026-08-01 00:00:00","2026-08-30 12:57:02",365.00
Saturday,FMC-D0904-KM,"CECILIA AWORTWE",29,"HARVEST, TITHE, WELFARE","2025-10-01 00:00:00","2026-08-01 00:00:00","2026-08-31 17:58:41",362.00
Thursday,FMC-K0724-KM,"JACQUELINE YAA ANGBANG",10,"HARVEST, TITHE, WELFARE","2026-02-01 00:00:00","2026-08-01 00:00:00","2026-08-30 11:15:15",360.00
Saturday,FMC-B0116-KM,"HANNAH BAAKO",24,"HARVEST, TITHE, WELFARE","2025-09-01 00:00:00","2026-08-01 00:00:00","2026-08-30 10:57:16",360.00
Sunday,FMC-F0604-KM,"CHRISTIANA NANA EFUA ATTA GYATUAH",5,"HARVEST, TITHE, WELFARE","2025-12-01 00:00:00","2026-02-01 00:00:00","2026-02-15 11:34:12",360.00
Monday,FMC-A0813-KM,"DORCAS EFUA HAYFORD",6,"HARVEST, TITHE, WELFARE","2025-10-01 00:00:00","2026-07-01 00:00:00","2026-07-05 12:12:43",360.00
Sunday,FMC-K0611-KM,"JANE TWUM",19,"HARVEST, TITHE, WELFARE","2025-10-01 00:00:00","2026-09-01 00:00:00","2026-09-06 11:20:56",360.00
Thursday,FMC-A1120-KM,"MARK YANFUL",16,"HARVEST, TITHE, WELFARE","2025-12-01 00:00:00","2026-08-01 00:00:00","2026-08-30 10:42:01",360.00
Sunday,FMC-A1220-KM,"THEODORE ADDISON",13,"HARVEST, OFFERING, TITHE, WELFARE","2025-09-01 00:00:00","2026-05-01 00:00:00","2026-05-31 10:16:03",355.00
Thursday,FMC-B0204-KM,"SAMUEL AHINSAH",25,"HARVEST, TITHE, WELFARE","2025-10-01 00:00:00","2026-08-01 00:00:00","2026-08-30 09:56:15",355.00
Sunday,FMC-F0305-KM,"ELIZABETH AMOAH",25,"TITHE, WELFARE","2025-10-01 00:00:00","2026-09-01 00:00:00","2026-09-06 10:32:06",355.00
Friday,FMC-D0610-KM,"COMFORT N. B. BASIE",11,"HARVEST, TITHE, WELFARE","2026-04-01 00:00:00","2026-08-01 00:00:00","2026-08-09 11:12:22",355.00
Monday,FMC-K0418-KM,"JONATHAN AGGREY",11,"HARVEST, TITHE, WELFARE","2025-10-01 00:00:00","2026-09-01 00:00:00","2026-09-06 11:00:48",350.00
Saturday,FMC-B0501-KM,"EVANS KWAME AMOAH",5,HARVEST,"2025-10-01 00:00:00","2025-11-15 00:00:00","2025-11-15 00:00:00",350.00
Sunday,FMC-A0720-KM,"ESTHER ANDOH",5,"HARVEST, TITHE, WELFARE","2025-11-15 00:00:00","2025-12-01 00:00:00","2025-12-14 10:17:29",350.00
Thursday,FMC-D0618-KM,"MERCY ANNANCY",7,"HARVEST, TITHE, WELFARE","2025-10-01 00:00:00","2026-04-01 00:00:00","2026-04-05 10:26:23",350.00
Tuesday,FMC-F0321-KM,"JOSEPHINE DENNIS",12,"TITHE, WELFARE","2025-10-01 00:00:00","2026-08-01 00:00:00","2026-08-30 11:05:22",350.00
Thursday,FMC-F0911-KM,"AYISI KWAME",9,"TITHE, WELFARE","2025-12-01 00:00:00","2026-06-01 00:00:00","2026-06-21 14:21:15",350.00
Thursday,FMC-W0622-KM,"PRINCE K NKRUMAH",10,"TITHE, WELFARE","2026-03-01 00:00:00","2026-08-01 00:00:00","2026-08-30 13:12:24",350.00
Saturday,FMC-D0511-KM,"JOHN KWAKU OPOKU",5,"HARVEST, TITHE, WELFARE","2025-11-15 00:00:00","2026-08-01 00:00:00","2026-08-30 10:10:18",350.00
Tuesday,FMC-D0514-KM,"SARAH ACKON",15,"HARVEST, TITHE, WELFARE","2025-11-15 00:00:00","2026-05-01 00:00:00","2026-05-24 12:13:27",345.00
Tuesday,FMC-W0515-KM,"PAULINA BINEY",16,"HARVEST, TITHE, WELFARE","2026-01-01 00:00:00","2026-09-01 00:00:00","2026-09-06 10:10:17",340.00
Monday,FMC-D0609-KM,"COMFORT AGYAKOMA",24,"HARVEST, TITHE, WELFARE","2025-10-01 00:00:00","2026-09-01 00:00:00","2026-09-06 09:28:00",335.00
Tuesday,FMC-K0803-KM,"JOHN BAIDOO",39,"HARVEST, TITHE, WELFARE","2025-10-01 00:00:00","2026-09-01 00:00:00","2026-09-06 11:54:05",335.00
Friday,FMC-D0525-KM,"BEATRICE MENSAH",9,"HARVEST, TITHE, WELFARE","2026-01-01 00:00:00","2026-08-01 00:00:00","2026-08-31 18:01:54",335.00
Monday,FMC-A0709-KM,"CHARITY AGYEMAN",6,"TITHE, WELFARE","2026-04-01 00:00:00","2026-09-01 00:00:00","2026-09-06 10:06:25",330.00
Tuesday,FMC-K0123-KM,"FRANCISCA BAKER",6,"TITHE, WELFARE","2026-03-01 00:00:00","2026-07-01 00:00:00","2026-07-19 11:40:42",330.00
Thursday,FMC-B0208-KM,"THEOPHILUS KWAME PAINTSIL",7,"HARVEST, TITHE, WELFARE","2025-11-01 00:00:00","2025-12-01 00:00:00","2025-12-28 11:38:54",330.00
Saturday,FMC-K0525-KM,"ISAAC KWAME ARTHUR",24,"HARVEST, TITHE, WELFARE","2025-10-01 00:00:00","2026-09-01 00:00:00","2026-09-06 11:11:45",325.00
Tuesday,FMC-K0907-KM,"CYNTHIA AKESSE",8,"TITHE, WELFARE","2026-01-01 00:00:00","2026-08-01 00:00:00","2026-08-09 09:10:40",320.00
Saturday,FMC-D0614-KM,"EVELYN BROWN",26,"HARVEST, TITHE, WELFARE","2025-10-01 00:00:00","2026-09-01 00:00:00","2026-09-06 09:42:17",320.00
Tuesday,FMC-A0506-KM,"STEFF MANFORD",2,"TITHE, WELFARE","2025-12-01 00:00:00","2025-12-01 00:00:00","2025-12-28 11:29:58",320.00
Wednesday,FMC-W0808-KM,"ROSE EMMA ANNAN-MENSAH",16,"HARVEST, TITHE, WELFARE","2025-10-01 00:00:00","2026-02-01 00:00:00","2026-02-08 09:34:56",315.00
Friday,FMC-F0625-KM,"VICTORIA ANANAN MENSAH",17,"HARVEST, TITHE, WELFARE","2025-09-01 00:00:00","2026-08-01 00:00:00","2026-08-30 12:20:04",315.00
Sunday,FMC-B0409-KM,"STEPHANIE NTI",26,"HARVEST, TITHE, WELFARE","2025-11-01 00:00:00","2026-08-01 00:00:00","2026-08-30 12:41:46",310.00
Sunday,FMC-D0627-KM,"ROSELINE ROBINSON",3,"HARVEST, TITHE, WELFARE","2026-07-01 00:00:00","2026-08-01 00:00:00","2026-08-30 09:40:58",310.00
Friday,FMC-B0413-KM,"VIVIAN ABAKAH",18,"HARVEST, TITHE, WELFARE","2025-10-01 00:00:00","2026-08-01 00:00:00","2026-08-31 18:23:32",305.00
Tuesday,FMC-W0819-KM,"DORIS EDUAFUL",17,"HARVEST, TITHE, WELFARE","2025-10-01 00:00:00","2026-08-01 00:00:00","2026-08-30 11:05:22",305.00
Tuesday,FMC-A0714-KM,"KENNEDY ABANKWAH",4,"TITHE, WELFARE","2026-04-01 00:00:00","2026-06-01 00:00:00","2026-06-21 15:39:51",300.00
Saturday,FMC-F0924-KM,"Edward Kwame Assifuah",1,HARVEST,"2025-12-01 00:00:00","2025-12-01 00:00:00","2025-12-18 11:39:01",300.00
Saturday,FMC-W0911-KM,"GLORIA BAIDOO-ANSAH",6,TITHE,"2026-01-01 00:00:00","2026-06-01 00:00:00","2026-06-14 09:21:49",300.00
Tuesday,FMC-A1213-KM,"KINGSFORD DADZIE",6,"TITHE, WELFARE","2026-06-01 00:00:00","2026-08-01 00:00:00","2026-08-09 09:56:03",300.00
Monday,FMC-A1215-KM,"MARGARET DONKOH",6,"TITHE, WELFARE","2025-10-01 00:00:00","2025-12-01 00:00:00","2025-12-28 11:13:52",300.00
Saturday,FMC-B0307-KM,"COMFORT ESHUN",10,"HARVEST, TITHE, WELFARE","2025-11-01 00:00:00","2026-07-01 00:00:00","2026-07-05 11:02:54",300.00
Monday,FMC-W0915-KM,"GERTRUDE ESSILFIE",6,"TITHE, WELFARE","2025-10-01 00:00:00","2026-02-01 00:00:00","2026-02-08 10:18:44",300.00
Friday,FMC-A0804-KM,"PAULINA EFUA KRAH",11,"HARVEST, TITHE, WELFARE","2025-10-01 00:00:00","2026-06-01 00:00:00","2026-06-07 12:36:41",300.00
Sunday,FMC-A1104-KM,"JOHN BERNARD QUAYSON",1,HARVEST,"2025-11-15 00:00:00","2025-11-15 00:00:00","2025-11-15 00:00:00",300.00
Monday,FMC-D0110-KM,"EMMANUEL SOBO-BLAY",10,"TITHE, WELFARE","2025-10-01 00:00:00","2026-04-01 00:00:00","2026-04-19 09:14:17",300.00
Friday,FMC-K0908-KM,"THOMAS JOSEPH THOMPSON",10,"TITHE, WELFARE","2025-10-01 00:00:00","2026-08-01 00:00:00","2026-08-30 10:52:58",300.00
Monday,FMC-A1018-KM,"ROSEMOND ARTHUR WILSON",3,"HARVEST, TITHE, WELFARE","2025-11-15 00:00:00","2026-01-01 00:00:00","2026-01-18 11:57:10",300.00
Tuesday,FMC-F0705-KM,"FRANCISCA ABENA PAINTSIL",9,"APPEALS, HARVEST, TITHE, WELFARE","2025-08-01 00:00:00","2026-04-01 00:00:00","2026-04-26 11:48:44",295.01
Monday,FMC-B0406-KM,"JENNIFE SANE",23,"HARVEST, TITHE, WELFARE","2025-10-01 00:00:00","2026-08-01 00:00:00","2026-08-02 11:55:29",295.00
Monday,FMC-A1223-KM,"ANITA ABRAKWA",14,"TITHE, WELFARE","2025-12-01 00:00:00","2026-06-01 00:00:00","2026-06-28 10:27:02",290.00
Saturday,FMC-K0823-KM,"GRACE ACKAH BLAY",11,"HARVEST, TITHE, WELFARE","2025-10-01 00:00:00","2026-08-01 00:00:00","2026-08-30 13:14:55",290.00
Friday,FMC-D0421-KM,"PRISCILLA GYASI",13,"HARVEST, TITHE, WELFARE","2025-10-01 00:00:00","2026-06-01 00:00:00","2026-06-07 11:05:11",290.00
Wednesday,FMC-W0122-KM,"GEORGINA YALLEY",19,"HARVEST, TITHE, WELFARE","2025-12-01 00:00:00","2026-08-01 00:00:00","2026-08-31 18:28:20",290.00
Saturday,FMC-A0512-KM,"AGNES BAIDOO",13,"HARVEST, TITHE, WELFARE","2025-11-15 00:00:00","2026-07-01 00:00:00","2026-07-26 09:48:59",285.00
Friday,FMC-D0806-KM,"MERCY DANFUL",25,"HARVEST, TITHE, WELFARE","2025-11-01 00:00:00","2026-08-01 00:00:00","2026-08-09 09:02:13",285.00
Monday,FMC-W0422-KM,"ELIZABETH EHUNU",8,"HARVEST, TITHE, WELFARE","2025-12-01 00:00:00","2026-08-01 00:00:00","2026-08-09 09:43:34",280.00
Friday,FMC-A1504-KM,"GEORGE JUNIOR BAIDOO-ANSAH",7,"TITHE, WELFARE","2026-01-01 00:00:00","2026-06-01 00:00:00","2026-06-14 09:07:25",271.00
Tuesday,FMC-A0920-KM,"SANDRA BREW",9,"HARVEST, TITHE, WELFARE","2025-10-01 00:00:00","2026-05-01 00:00:00","2026-05-10 12:24:24",270.00
Tuesday,FMC-A0613-KM,"SARAH AWUSI DZITSE",14,"TITHE, WELFARE","2025-11-01 00:00:00","2026-08-01 00:00:00","2026-08-31 17:38:23",270.00
Saturday,FMC-F0628-KM,"ELIZABETH TWEM",9,"HARVEST, TITHE, WELFARE","2026-01-01 00:00:00","2026-07-01 00:00:00","2026-07-12 11:38:11",270.00
Sunday,FMC-D0208-KM,"ADAMS YVONNE",8,"TITHE, WELFARE","2025-10-01 00:00:00","2026-05-01 00:00:00","2026-05-17 10:29:46",270.00
Thursday,FMC-D0625-KM,"COMFORT ARMOO",17,"HARVEST, TITHE, WELFARE","2025-11-01 00:00:00","2026-09-01 00:00:00","2026-09-06 12:53:42",265.00
Sunday,FMC-A1405-KM,"THERESAH TETTEH AMISSAH",12,"TITHE, WELFARE","2025-10-01 00:00:00","2026-08-01 00:00:00","2026-08-30 12:41:46",260.00
Saturday,FMC-F0607-KM,"ELIZABETH COBBINAH",5,"TITHE, WELFARE","2025-10-01 00:00:00","2026-09-01 00:00:00","2026-09-06 12:06:06",260.00
Saturday,FMC-D1023-KM,"ANTHONY ESSIEN",7,"HARVEST, TITHE, WELFARE","2026-07-01 00:00:00","2026-08-01 00:00:00","2026-08-09 11:12:22",260.00
Monday,FMC-F0509-KM,"ELIZABETH KWOFIE",10,"HARVEST, TITHE, WELFARE","2025-11-01 00:00:00","2026-04-01 00:00:00","2026-04-05 12:53:29",260.00
Saturday,FMC-F0319-KM,"MATILDA SIKAYENA",11,"TITHE, WELFARE","2025-11-01 00:00:00","2026-05-01 00:00:00","2026-05-17 09:45:42",260.00
Thursday,FMC-K0405-KM,"PAUL KOFI OCRAN",15,"HARVEST, TITHE, WELFARE","2025-10-01 00:00:00","2026-09-01 00:00:00","2026-09-06 12:00:06",255.00
Wednesday,FMC-W0817-KM,"EVELYN ADDO",6,"TITHE, WELFARE","2026-01-01 00:00:00","2026-06-01 00:00:00","2026-06-07 12:46:22",250.00
Friday,FMC-A1202-KM,"EBENEZER AMOAH",6,"TITHE, WELFARE","2025-12-01 00:00:00","2026-07-01 00:00:00","2026-07-12 10:36:09",250.00
Sunday,FMC-W0102-KM,"JACOB MENSAH ARTHUR",2,"TITHE, WELFARE","2026-05-01 00:00:00","2026-05-01 00:00:00","2026-05-24 10:22:39",250.00
Saturday,FMC-D0408-KM,"FELICIA BENNEH",2,HARVEST,"2025-11-15 00:00:00","2025-11-15 00:00:00","2025-11-15 00:00:00",250.00
Monday,FMC-W0614-KM,"ABRAHAM GREAT BENYIN",12,"TITHE, WELFARE","2025-11-01 00:00:00","2026-07-01 00:00:00","2026-07-12 11:58:04",250.00
Saturday,FMC-B0921-KM,"JULIA YAA ESSIEN",6,"HARVEST, TITHE, WELFARE","2025-10-01 00:00:00","2026-03-01 00:00:00","2026-03-29 12:54:14",250.00
Sunday,FMC-F0203-KM,"MARTHA SAWYER",4,"HARVEST, TITHE, WELFARE","2025-11-01 00:00:00","2026-05-01 00:00:00","2026-05-10 12:03:43",250.00
Saturday,FMC-K0711-KM,"PRISCILLA YAWSON",4,"TITHE, WELFARE","2025-12-01 00:00:00","2026-09-01 00:00:00","2026-09-06 12:15:25",250.00
Wednesday,FMC-A0307-KM,"CECILIA EGYIR",15,"HARVEST, TITHE, WELFARE","2025-11-01 00:00:00","2026-08-01 00:00:00","2026-08-31 17:38:23",245.00
Sunday,FMC-W0319-KM,"SOPHIA OPPONG",18,"TITHE, WELFARE","2025-10-01 00:00:00","2026-09-01 00:00:00","2026-09-06 12:35:30",245.00
Sunday,FMC-D0410-KM,"JANET OTOO",5,"HARVEST, TITHE, WELFARE","2025-10-01 00:00:00","2025-11-15 00:00:00","2025-11-16 09:08:29",245.00
Wednesday,FMC-W0316-KM,"OLIVIA ABBEY",9,"HARVEST, TITHE, WELFARE","2025-11-15 00:00:00","2026-03-01 00:00:00","2026-03-01 11:47:21",240.00
Tuesday,FMC-W0301-KM,"MICHAEL AMOAH",5,"TITHE, WELFARE","2026-03-01 00:00:00","2026-08-01 00:00:00","2026-08-30 07:36:46",240.00
Tuesday,FMC-D0804-KM,"Vicentia Osei-Bonsu",4,"TITHE, WELFARE","2026-04-01 00:00:00","2026-05-01 00:00:00","2026-05-03 10:28:58",240.00
Tuesday,FMC-B0211-KM,"ANITA QUAYE",4,"TITHE, WELFARE","2026-07-01 00:00:00","2026-08-01 00:00:00","2026-08-02 10:59:49",240.00
Saturday,FMC-F0723-KM,"MAGDALINE HILDA ABEKAH",12,"TITHE, WELFARE","2025-11-01 00:00:00","2026-05-01 00:00:00","2026-05-31 11:03:43",235.00
Friday,FMC-F0515-KM,"MERCY ADJEI",12,"HARVEST, TITHE, WELFARE","2025-11-01 00:00:00","2026-02-01 00:00:00","2026-02-22 11:17:56",230.00
Monday,FMC-K0109-KM,"HELENA ASFORD",4,"TITHE, WELFARE","2025-12-01 00:00:00","2026-07-01 00:00:00","2026-07-05 10:28:14",230.00
Thursday,FMC-D0907-KM,"ESTHER KOOMSON",11,"HARVEST, TITHE, WELFARE","2025-12-01 00:00:00","2026-04-01 00:00:00","2026-04-05 11:24:12",225.00
Thursday,FMC-W0801-KM,"EBENEZER EKOW EKOW",2,"TITHE, WELFARE","2025-11-01 00:00:00","2025-11-01 00:00:00","2025-11-23 12:29:11",221.00
Wednesday,FMC-D0818-KM,"ELIZABETH SAM",3,"HARVEST, TITHE","2025-11-15 00:00:00","2026-03-01 00:00:00","2026-03-29 11:37:50",221.00
Thursday,FMC-W0421-KM,"MERCY ANNAN",26,"HARVEST, TITHE, WELFARE","2025-11-01 00:00:00","2026-06-01 00:00:00","2026-06-07 09:11:26",220.00
Monday,FMC-D0217-KM,"MAVIS BUDU",22,"TITHE, WELFARE","2025-10-01 00:00:00","2026-09-01 00:00:00","2026-09-06 09:10:40",220.00
Sunday,FMC-K0725-KM,"COMFORT KEELSON",4,"TITHE, WELFARE","2026-06-01 00:00:00","2026-08-01 00:00:00","2026-08-30 13:17:19",220.00
Friday,FMC-K0729-KM,"JANE DADZIE MARY",3,"HARVEST, TITHE, WELFARE","2026-05-01 00:00:00","2026-05-01 00:00:00","2026-05-10 11:51:12",220.00
Sunday,FMC-W0212-KM,"THOMAS CHRISTIAN RHULE",16,"HARVEST, TITHE, WELFARE","2025-11-15 00:00:00","2026-08-01 00:00:00","2026-08-30 10:52:58",220.00
Monday,FMC-W0317-KM,"EVELYN SOGLO",12,"TITHE, WELFARE","2025-10-01 00:00:00","2026-08-01 00:00:00","2026-08-09 10:59:06",220.00
Sunday,FMC-F0516-KM,"NANCY ASAMOAH",24,"TITHE, WELFARE","2025-10-01 00:00:00","2026-09-01 00:00:00","2026-09-06 10:12:26",215.00
Wednesday,FMC-A0806-KM,"JULIANA NORTEY-MENSAH",19,"HARVEST, TITHE, WELFARE","2025-11-01 00:00:00","2026-07-01 00:00:00","2026-07-26 10:57:37",212.00
Saturday,FMC-B0516-KM,"ELIZABETH AMANI",8,"HARVEST, TITHE, WELFARE","2026-04-01 00:00:00","2026-07-01 00:00:00","2026-07-05 11:02:54",210.00
Friday,FMC-A0511-KM,"OLIVIA ABENA CUDJOE",4,"HARVEST, TITHE, WELFARE","2025-11-15 00:00:00","2026-06-01 00:00:00","2026-06-28 12:15:27",210.00
Thursday,FMC-W0110-KM,"PRINCE WALES ESHUN",3,"HARVEST, TITHE, WELFARE","2025-12-01 00:00:00","2025-12-01 00:00:00","2025-12-07 11:00:18",210.00
Tuesday,FMC-B0906-KM,"GIFTY FOLI",6,"TITHE, WELFARE","2025-12-01 00:00:00","2026-05-01 00:00:00","2026-05-31 12:25:39",210.00
Thursday,FMC-D0521-KM,"FREDA FORSON",10,"HARVEST, TITHE, WELFARE","2025-11-01 00:00:00","2026-06-01 00:00:00","2026-06-28 09:39:28",210.00
Friday,FMC-F0626-KM,"GEORGINA KOOMSON",6,"HARVEST, TITHE, WELFARE","2025-11-01 00:00:00","2025-12-01 00:00:00","2025-12-21 12:34:37",210.00
Thursday,FMC-F0513-KM,"MARY KWOFIE",4,"HARVEST, TITHE, WELFARE","2025-10-01 00:00:00","2026-07-01 00:00:00","2026-07-05 13:00:50",210.00
Monday,FMC-A0818-KM,"MICHEAL KINGSLEY TAKYI",4,"TITHE, WELFARE","2026-01-01 00:00:00","2026-05-01 00:00:00","2026-05-17 09:54:08",210.00
Sunday,FMC-K0727-KM,"SAMUEL AFFUL-ESHUN",2,TITHE,"2026-04-01 00:00:00","2026-07-01 00:00:00","2026-07-19 09:51:12",200.00
Monday,FMC-A1417-KM,"BENJAMIN KODWO APPIAH",4,"TITHE, WELFARE","2025-11-01 00:00:00","2026-02-01 00:00:00","2026-02-22 11:30:02",200.00
Thursday,FMC-F0116-KM,"SAMPSON BONNEY",5,"HARVEST, TITHE, WELFARE","2025-11-15 00:00:00","2026-06-01 00:00:00","2026-06-28 12:54:06",200.00
Thursday,FMC-F0627-KM,"STEPHEN BEN DONKOH",1,HARVEST,"2025-12-01 00:00:00","2025-12-01 00:00:00","2025-12-28 10:41:03",200.00
Wednesday,FMC-B0207-KM,"ADJOA N/A HAWA",16,"HARVEST, TITHE, WELFARE","2025-11-15 00:00:00","2026-06-01 00:00:00","2026-06-14 11:37:34",200.00
Saturday,FMC-F0619-KM,"FLORENCE MENSAH",3,"HARVEST, TITHE, WELFARE","2025-12-01 00:00:00","2025-12-01 00:00:00","2025-12-07 10:41:17",200.00
Wednesday,FMC-F0909-KM,"ISABELLA ESI MENSAH",12,"TITHE, WELFARE","2026-01-01 00:00:00","2026-08-01 00:00:00","2026-08-02 11:54:58",200.00
Friday,FMC-D0915-KM,"PERCY KOFI ASABIR MENSAH",1,TITHE,"2025-12-01 00:00:00","2025-12-01 00:00:00","2025-12-14 09:02:17",200.00
Sunday,FMC-A0607-KM,"DANIEL PAINTSIL",2,"TITHE, WELFARE","2026-01-01 00:00:00","2026-01-01 00:00:00","2026-01-18 09:22:18",200.00
Sunday,FMC-F0419-KM,"DOROTHY PIEDU",20,"TITHE, WELFARE","2025-11-01 00:00:00","2026-08-01 00:00:00","2026-08-30 11:05:04",200.00
Monday,FMC-A1111-KM,"RICHMOND QUAIDOO",6,"TITHE, WELFARE","2025-11-01 00:00:00","2026-07-01 00:00:00","2026-07-19 10:17:00",200.00
Thursday,FMC-F0217-KM,"COMFORT QUAINOO",2,"TITHE, WELFARE","2026-01-01 00:00:00","2026-01-01 00:00:00","2026-01-04 12:06:50",200.00
Tuesday,FMC-B0503-KM,"SAMUEL AMISSAH QUAINOO",8,"HARVEST, TITHE, WELFARE","2025-11-01 00:00:00","2026-01-01 00:00:00","2026-01-18 09:09:31",200.00
Wednesday,FMC-W0906-KM,"JOHN MILLS",38,"HARVEST, TITHE, WELFARE","2025-10-01 00:00:00","2026-09-01 00:00:00","2026-09-06 12:06:22",195.00
Monday,FMC-A0807-KM,"REBECCA AMIHERE",10,"HARVEST, TITHE, WELFARE","2025-11-15 00:00:00","2026-08-01 00:00:00","2026-08-31 17:38:23",190.00
Wednesday,FMC-W1009-KM,"COMFORT AMOAH",12,"TITHE, WELFARE","2026-01-01 00:00:00","2026-09-01 00:00:00","2026-09-06 08:57:28",190.00
Wednesday,FMC-A0918-KM,"AGNES ANNAN",6,"TITHE, WELFARE","2025-10-01 00:00:00","2026-06-01 00:00:00","2026-06-14 10:06:09",190.00
Friday,FMC-F0209-KM,"GRACE MENSAH",6,"HARVEST, TITHE, WELFARE","2025-11-15 00:00:00","2026-04-01 00:00:00","2026-04-19 11:27:17",190.00
Monday,FMC-W0823-KM,"RITA MENSAH",10,"HARVEST, TITHE, WELFARE","2025-12-01 00:00:00","2026-03-01 00:00:00","2026-03-01 08:27:16",190.00
Monday,FMC-K0512-KM,"DORIS BOTCHWAY",16,"HARVEST, TITHE, WELFARE","2025-11-01 00:00:00","2026-08-01 00:00:00","2026-08-30 12:12:38",185.00
Monday,FMC-A1411-KM,"AGNES NORTEY",28,"HARVEST, TITHE, WELFARE","2024-12-15 00:00:00","2026-07-01 00:00:00","2026-07-26 12:48:07",185.00
Saturday,FMC-A1508-KM,"MATILDA AFARI",5,"HARVEST, TITHE, WELFARE","2026-02-01 00:00:00","2026-04-01 00:00:00","2026-04-12 09:56:44",180.00
Monday,FMC-B0111-KM,"FAUSTINA AGBENYENVU",4,"TITHE, WELFARE","2026-01-01 00:00:00","2026-05-01 00:00:00","2026-05-03 08:53:37",180.00
Saturday,FMC-B0822-KM,"PHILIPPA ANDOH",6,"TITHE, WELFARE","2026-05-01 00:00:00","2026-08-01 00:00:00","2026-08-31 18:23:32",180.00
Thursday,FMC-D0906-KM,"CHRISTINA ESHUN",24,"TITHE, WELFARE","2025-10-01 00:00:00","2026-09-01 00:00:00","2026-09-06 12:53:42",180.00
Saturday,FMC-A1218-KM,"PHILOMINA AMA THOMPSON",18,"TITHE, WELFARE","2025-10-01 00:00:00","2026-08-01 00:00:00","2026-08-02 13:03:33",180.00
Sunday,FMC-A0405-KM,"GRACE JACKSON",6,"TITHE, WELFARE","2025-09-01 00:00:00","2026-05-01 00:00:00","2026-05-31 09:29:32",175.00
Tuesday,FMC-K0709-KM,"EMMANUEL OPOKU AFRIYIE",6,TITHE,"2025-05-01 00:00:00","2025-10-01 00:00:00","2025-10-16 20:33:15",170.00
Monday,FMC-A0325-KM,"VIVIAN AMISSAH",12,"TITHE, WELFARE","2025-11-01 00:00:00","2026-08-01 00:00:00","2026-08-09 09:51:27",170.00
Thursday,FMC-A1019-KM,"SOPHIA OBOYE",14,"TITHE, WELFARE","2025-11-01 00:00:00","2026-08-01 00:00:00","2026-08-02 12:11:14",170.00
Monday,FMC-W0916-KM,"ESTHER MENSAH OWUSU",5,"HARVEST, TITHE, WELFARE","2025-11-15 00:00:00","2025-12-01 00:00:00","2025-12-28 10:33:44",170.00
Wednesday,FMC-W0425-KM,"AGNES EKUWA AIDOO",10,"TITHE, WELFARE","2026-02-01 00:00:00","2026-08-01 00:00:00","2026-08-31 18:28:20",165.00
Monday,FMC-F0211-KM,"GLADYS ENTSIE",21,"HARVEST, TITHE, WELFARE","2025-10-01 00:00:00","2026-08-01 00:00:00","2026-08-30 08:56:32",165.00
Friday,FMC-N0003-KM,"PATRICIA TURKSON",1,APPEALS,"2026-10-01 00:00:00","2026-10-01 00:00:00","2026-10-01 05:49:29",164.00
Wednesday,FMC-K0510-KM,"DIANA ACQUAH",14,"TITHE, WELFARE","2025-09-01 00:00:00","2026-07-01 00:00:00","2026-07-26 10:00:44",162.00
Monday,FMC-A1322-KM,"JOSEPHINE JONES",3,"HARVEST, TITHE, WELFARE","2026-08-01 00:00:00","2026-08-01 00:00:00","2026-08-31 17:38:23",160.00
Monday,FMC-D0406-KM,"SAMUEL LAMPTEY",5,"HARVEST, TITHE, WELFARE","2025-10-01 00:00:00","2026-03-01 00:00:00","2026-03-14 10:30:50",160.00
Sunday,FMC-K0912-KM,"JOHN KOJO MENSAH",6,"TITHE, WELFARE","2025-11-01 00:00:00","2026-06-01 00:00:00","2026-06-28 12:45:04",160.00
Thursday,FMC-W0624-KM,"SARAH NKRUMAH",8,"TITHE, WELFARE","2026-06-01 00:00:00","2026-09-01 00:00:00","2026-09-06 10:18:36",160.00
Friday,FMC-D0811-KM,"FRANCIS OBENG",4,"TITHE, WELFARE","2025-12-01 00:00:00","2026-05-01 00:00:00","2026-05-17 12:26:02",160.00
Monday,FMC-N0004-KM,"DOMINIC ADETIE",1,TITHE,"2026-06-01 00:00:00","2026-06-01 00:00:00","2026-06-09 19:13:32",150.00
Monday,FMC-B0714-KM,"EMMANUEL KWESI ADETIE",6,"TITHE, WELFARE","2026-02-01 00:00:00","2026-08-01 00:00:00","2026-08-30 14:00:05",150.00
Thursday,FMC-F0805-KM,"RITA AMOAH",3,HARVEST,"2025-11-15 00:00:00","2025-12-01 00:00:00","2025-12-07 09:48:47",150.00
Saturday,FMC-W0720-KM,"BRIDGET ARTHUR",28,"TITHE, WELFARE","2025-11-01 00:00:00","2026-09-01 00:00:00","2026-09-06 10:21:15",150.00
Wednesday,FMC-W0904-KM,"GEORGE ASSAN",2,"TITHE, WELFARE","2026-01-01 00:00:00","2026-01-01 00:00:00","2026-01-04 12:58:14",150.00
Tuesday,FMC-F0314-KM,"VICTORIA BAIDOO",6,"TITHE, WELFARE","2025-12-01 00:00:00","2026-05-01 00:00:00","2026-05-31 11:28:05",150.00
Thursday,FMC-W0315-KM,"ATO GHANN",6,"TITHE, WELFARE","2025-10-01 00:00:00","2025-12-01 00:00:00","2025-12-14 10:56:52",150.00
Sunday,FMC-D0504-KM,"ELVIS JOHN",9,"TITHE, WELFARE","2025-09-01 00:00:00","2026-08-01 00:00:00","2026-08-02 12:16:54",150.00
Saturday,FMC-D1024-KM,"REGINA LARYEA",2,"TITHE, WELFARE","2026-08-01 00:00:00","2026-08-01 00:00:00","2026-08-09 12:08:52",150.00
Monday,FMC-B0905-KM,"VIDA SACKEY",6,"TITHE, WELFARE","2025-11-01 00:00:00","2026-05-01 00:00:00","2026-05-31 12:15:33",150.00
Wednesday,FMC-D0908-KM,"HANNAH SOLOMON",6,"TITHE, WELFARE","2026-02-01 00:00:00","2026-05-01 00:00:00","2026-05-03 10:19:28",150.00
Saturday,FMC-A0710-KM,"SAMUEL BRIGHT YANKEY",2,"APPEALS, HARVEST","2025-09-01 00:00:00","2025-09-01 00:00:00","2025-09-12 10:56:26",141.00
Saturday,FMC-W0304-KM,"SOLOMON AMPIAH",2,"TITHE, WELFARE","2025-12-01 00:00:00","2025-12-01 00:00:00","2025-12-28 12:41:24",140.00
Tuesday,FMC-A0205-KM,"ERICA ARTHUR",4,"TITHE, WELFARE","2025-11-01 00:00:00","2026-01-01 00:00:00","2026-01-04 13:07:46",140.00
Saturday,FMC-A1406-KM,"GERTRUDE ARTHUR",5,"HARVEST, TITHE, WELFARE","2025-11-01 00:00:00","2026-05-01 00:00:00","2026-05-17 10:08:36",140.00
Monday,FMC-D0608-KM,"AGNES ABENA ESSIWAA ESSIAM",18,"HARVEST, TITHE, WELFARE","2025-11-01 00:00:00","2026-03-01 00:00:00","2026-03-22 11:34:22",140.00
Tuesday,FMC-D1015-KM,"CHARLOTTE OBENG",8,"HARVEST, TITHE, WELFARE","2025-10-01 00:00:00","2025-11-15 00:00:00","2025-11-15 00:00:00",140.00
Monday,FMC-A0817-KM,"ELIZABETH SAGOE",14,"TITHE, WELFARE","2025-10-01 00:00:00","2026-06-01 00:00:00","2026-06-28 10:39:59",140.00
Wednesday,FMC-F0918-KM,"EMMANUEL SESERAKU",14,"TITHE, WELFARE","2025-12-01 00:00:00","2026-08-01 00:00:00","2026-08-30 12:44:26",140.00
Monday,FMC-A0913-KM,"JOHN TAKYI",6,"TITHE, WELFARE","2025-12-01 00:00:00","2026-05-01 00:00:00","2026-05-03 09:56:16",140.00
Thursday,FMC-A0805-KM,"JENNIFER ACQUAH",14,"TITHE, WELFARE","2025-09-01 00:00:00","2026-08-01 00:00:00","2026-08-30 10:24:53",135.00
Tuesday,FMC-W0408-KM,"EMMANUEL KWESI BAAH",3,"HARVEST, TITHE, WELFARE","2025-11-15 00:00:00","2026-04-01 00:00:00","2026-04-12 11:45:22",135.00
Monday,FMC-K0506-KM,"HAAS KWABEKU AFRAWUAH",2,HARVEST,"2025-11-15 00:00:00","2025-11-15 00:00:00","2025-11-15 00:00:00",130.00
Wednesday,FMC-B0708-KM,"SUSUANA BILSON",4,"HARVEST, TITHE, WELFARE","2025-11-15 00:00:00","2026-03-01 00:00:00","2026-03-31 22:08:00",130.00
Friday,FMC-D0215-KM,"ESHUN CATHERINE",3,"TITHE, WELFARE","2026-02-01 00:00:00","2026-03-01 00:00:00","2026-03-15 11:17:25",130.00
Tuesday,FMC-A0809-KM,"PERPETUAL OSEI NYARKO",8,"TITHE, WELFARE","2025-10-01 00:00:00","2026-03-01 00:00:00","2026-03-29 11:08:16",130.00
Saturday,FMC-D1017-KM,"MARY ASSAFUAH",3,"HARVEST, TITHE, WELFARE","2025-11-01 00:00:00","2025-12-01 00:00:00","2025-12-07 13:14:04",125.00
Tuesday,FMC-D0214-KM,"YAWSON EDWARD",5,"HARVEST, TITHE, WELFARE","2025-10-01 00:00:00","2026-08-01 00:00:00","2026-08-02 12:31:21",125.00
Tuesday,FMC-K0822-KM,"VICTORIA SENGU ACKAH",20,"TITHE, WELFARE","2025-10-01 00:00:00","2026-09-01 00:00:00","2026-09-06 11:11:45",120.00
Wednesday,FMC-F0617-KM,"RITA AMOAH",2,"TITHE, WELFARE","2025-12-01 00:00:00","2025-12-01 00:00:00","2025-12-07 11:11:40",120.00
Saturday,FMC-W0210-KM,"AGNES ARTHUR",10,"HARVEST, TITHE, WELFARE","2025-10-01 00:00:00","2025-12-01 00:00:00","2025-12-28 11:04:56",120.00
Thursday,FMC-D0719-KM,"BRIGHT ATTEEN",2,"TITHE, WELFARE","2026-05-01 00:00:00","2026-05-01 00:00:00","2026-05-17 10:42:55",120.00
Thursday,FMC-A0128-KM,"PORTIA BAIDOO",4,"TITHE, WELFARE","2026-05-01 00:00:00","2026-07-01 00:00:00","2026-07-19 09:45:41",120.00
Friday,FMC-K0919-KM,"AUGUSTINE KENNETH BONYAH",2,"TITHE, WELFARE","2025-11-01 00:00:00","2025-11-01 00:00:00","2025-11-09 12:12:32",120.00
Thursday,FMC-A0305-KM,"HANNAH MENSAH",4,"HARVEST, TITHE, WELFARE","2025-10-01 00:00:00","2026-06-01 00:00:00","2026-06-07 08:27:05",120.00
Wednesday,FMC-A0612-KM,"RICHARD QUANSAH",6,"TITHE, WELFARE","2025-10-01 00:00:00","2026-08-01 00:00:00","2026-08-31 18:28:20",120.00
Wednesday,FMC-F0809-KM,"MARY QUAYSON",12,"TITHE, WELFARE","2026-01-01 00:00:00","2026-07-01 00:00:00","2026-07-05 09:54:38",120.00
Sunday,FMC-A1624-KM,"MODESTA YANFUL",2,"TITHE, WELFARE","2026-09-01 00:00:00","2026-09-01 00:00:00","2026-09-06 12:24:17",120.00
Monday,FMC-W0427-KM,"PRISCILLA OWUSU",5,"TITHE, WELFARE","2025-12-01 00:00:00","2026-08-01 00:00:00","2026-08-02 11:34:49",111.00
Thursday,FMC-K0610-KM,"HELINA ADJOWA BOISON",4,"TITHE, WELFARE","2025-11-01 00:00:00","2026-03-01 00:00:00","2026-03-29 09:34:11",110.00
Friday,FMC-B0711-KM,"ROSEMOND NYARKO",4,"TITHE, WELFARE","2025-10-01 00:00:00","2025-12-01 00:00:00","2025-12-07 10:24:00",110.00
Saturday,FMC-W0124-KM,"AGNES TANQUAH",13,"HARVEST, TITHE, WELFARE","2026-02-01 00:00:00","2026-05-01 00:00:00","2026-05-03 09:10:06",110.00
Friday,FMC-A0724-KM,"ANTHONY ADDO",3,HARVEST,"2025-11-15 00:00:00","2026-02-01 00:00:00","2026-02-22 12:55:58",105.00
Thursday,FMC-A1515-KM,"JESFORD ABBAM",1,HARVEST,"2025-12-01 00:00:00","2025-12-01 00:00:00","2025-12-07 13:25:06",100.00
Monday,FMC-W0818-KM,"SARAH ADDO",10,"TITHE, WELFARE","2026-01-01 00:00:00","2026-08-01 00:00:00","2026-08-09 09:43:34",100.00
Friday,FMC-A1618-KM,"ABIGAIL ADJEI AGYAPONG",4,"TITHE, WELFARE","2026-08-01 00:00:00","2026-09-01 00:00:00","2026-09-06 10:29:05",100.00
Monday,FMC-K0516-KM,"VIDA AMENYEDZI",1,HARVEST,"2025-11-15 00:00:00","2025-11-15 00:00:00","2025-11-15 00:00:00",100.00
Sunday,FMC-F0123-KM,"EMMANUEL BEDIAKO ASARE",2,"TITHE, WELFARE","2026-08-01 00:00:00","2026-08-01 00:00:00","2026-08-02 13:17:13",100.00
Wednesday,FMC-A0816-KM,"LUCY DUKU",3,HARVEST,"2025-11-15 00:00:00","2025-11-15 00:00:00","2025-11-15 00:00:00",100.00
Friday,FMC-K0703-KM,"ANNA DUNCAN",1,HARVEST,"2025-11-15 00:00:00","2025-11-15 00:00:00","2025-11-15 00:00:00",100.00
Saturday,FMC-D0522-KM,"MOSES ESSIEN",2,"TITHE, WELFARE","2026-04-01 00:00:00","2026-04-01 00:00:00","2026-04-19 09:47:07",100.00
Wednesday,FMC-K0213-KM,"MERCY GYAN",4,"TITHE, WELFARE","2026-04-01 00:00:00","2026-05-01 00:00:00","2026-05-03 08:56:54",100.00
Friday,FMC-F0615-KM,"CYNTHIA GYANIE",2,HARVEST,"2025-11-15 00:00:00","2026-01-01 00:00:00","2026-01-18 12:13:45",100.00
Friday,FMC-D1021-KM,"ELIZABETH HUCHFUL",5,"TITHE, WELFARE","2026-04-01 00:00:00","2026-08-01 00:00:00","2026-08-02 12:20:37",100.00
Tuesday,FMC-A0721-KM,"ALBERT HUGHES",2,"TITHE, WELFARE","2026-08-01 00:00:00","2026-08-01 00:00:00","2026-08-30 11:20:57",100.00
Sunday,FMC-F0102-KM,"HALIMA JACKSON",1,HARVEST,"2025-11-15 00:00:00","2025-11-15 00:00:00","2025-11-15 00:00:00",100.00
Saturday,FMC-W1012-KM,"ESTHER ASIEDUAA NYAMEKYE",1,HARVEST,"2025-10-01 00:00:00","2025-10-01 00:00:00","2025-10-12 18:39:05",100.00
Tuesday,FMC-K0222-KM,"NAOMI NYANZU",2,"TITHE, WELFARE","2026-08-01 00:00:00","2026-08-01 00:00:00","2026-08-30 11:24:29",100.00
Wednesday,FMC-K0808-KM,"FELICIA PAINTSIL",6,"TITHE, WELFARE","2025-08-01 00:00:00","2025-12-01 00:00:00","2025-12-28 13:29:28",100.00
Thursday,FMC-F0704-KM,"IRENE PAINTSIL",5,HARVEST,"2025-11-15 00:00:00","2025-11-15 00:00:00","2025-11-15 00:00:00",100.00
Wednesday,FMC-K0719-KM,"JANET QUAICOE",4,"TITHE, WELFARE","2026-04-01 00:00:00","2026-05-01 00:00:00","2026-05-17 11:27:15",100.00
Friday,FMC-B0404-KM,"DEBORAH TAWIAH",4,"TITHE, WELFARE","2025-09-01 00:00:00","2026-01-01 00:00:00","2026-01-04 11:30:08",100.00
Monday,FMC-K0906-KM,"JUSTICE JOHN WALKER",1,HARVEST,"2026-04-01 00:00:00","2026-04-01 00:00:00","2026-04-19 09:47:07",100.00
Monday,FMC-A1408-KM,"DOROTHY BONZIE",6,"HARVEST, TITHE, WELFARE","2025-10-01 00:00:00","2025-11-15 00:00:00","2025-11-30 09:08:16",95.00
Saturday,FMC-D1022-KM,"MARTY SACKEY",8,"TITHE, WELFARE","2026-05-01 00:00:00","2026-07-01 00:00:00","2026-07-26 12:40:29",95.00
Tuesday,FMC-A0326-KM,"FEDELIA ESI AKUMANYI",6,"TITHE, WELFARE","2026-01-01 00:00:00","2026-02-01 00:00:00","2026-02-22 10:17:03",90.00
Thursday,FMC-B0318-KM,"ABIGAIL ANSAH",4,"TITHE, WELFARE","2026-05-01 00:00:00","2026-07-01 00:00:00","2026-08-02 11:45:04",90.00
Tuesday,FMC-W0508-KM,"JULIANA HAIGHN",4,HARVEST,"2025-11-15 00:00:00","2025-11-15 00:00:00","2025-11-15 00:00:00",90.00
Friday,FMC-W0706-KM,"EFUA KWAKWAH",19,"HARVEST, TITHE, WELFARE","2025-12-01 00:00:00","2026-06-01 00:00:00","2026-06-07 10:14:56",90.00
Wednesday,FMC-B0107-KM,"ALEX THEO MENSAH",12,"TITHE, WELFARE","2026-03-01 00:00:00","2026-08-01 00:00:00","2026-08-09 09:22:58",90.00
Thursday,FMC-A1006-KM,"ALICE OKAI",4,"TITHE, WELFARE","2026-02-01 00:00:00","2026-08-01 00:00:00","2026-08-02 12:32:34",90.00
Saturday,FMC-A1418-KM,"FAUSTINA BAAKOE",9,"HARVEST, TITHE, WELFARE","2026-03-01 00:00:00","2026-06-01 00:00:00","2026-06-07 12:36:41",89.00
Friday,FMC-D0720-KM,"REBECCA CUDJOE",6,"TITHE, WELFARE","2026-03-01 00:00:00","2026-07-01 00:00:00","2026-07-26 10:04:32",84.00
Saturday,FMC-K0124-KM,"AGNES AGGREY",2,"TITHE, WELFARE","2026-08-01 00:00:00","2026-08-01 00:00:00","2026-08-09 09:49:46",80.00
Monday,FMC-F0523-KM,"AGUSTINA BAFFOE",6,"TITHE, WELFARE","2025-11-01 00:00:00","2026-02-01 00:00:00","2026-02-22 11:03:57",80.00
Tuesday,FMC-F0713-KM,"HELENA SACKEY",4,TITHE,"2026-02-01 00:00:00","2026-07-01 00:00:00","2026-08-13 07:43:27",80.00
Saturday,FMC-K0915-KM,"ELIZABETH YEBOAH",4,"HARVEST, TITHE, WELFARE","2025-10-01 00:00:00","2025-11-15 00:00:00","2025-11-15 00:00:00",80.00
Thursday,FMC-A0415-KM,"EMMANUELLA EGYIR RIVERSON",11,"HARVEST, TITHE, WELFARE","2025-10-01 00:00:00","2026-04-01 00:00:00","2026-04-05 11:22:33",75.00
Sunday,FMC-A0204-KM,"JUSTINA ARHIN",5,"HARVEST, TITHE, WELFARE","2025-12-01 00:00:00","2026-08-01 00:00:00","2026-08-31 17:47:12",70.00
Tuesday,FMC-N0010-KM,"GEORGINA BOTWEY ESHUN",2,"TITHE, WELFARE","2026-09-01 00:00:00","2026-09-01 00:00:00","2026-09-06 21:00:51",70.00
Thursday,FMC-F0711-KM,"MONICA KWARAH",3,HARVEST,"2025-10-01 00:00:00","2025-11-15 00:00:00","2025-11-15 00:00:00",70.00
Thursday,FMC-W0927-KM,"MAVIS ODURO",2,"TITHE, WELFARE","2026-03-01 00:00:00","2026-03-01 00:00:00","2026-03-22 11:46:28",70.00
Saturday,FMC-D0528-KM,"JEMIMA WOODE",3,"HARVEST, TITHE, WELFARE","2026-08-01 00:00:00","2026-08-01 00:00:00","2026-08-30 10:42:43",70.00
Monday,FMC-W0313-KM,"FRANCISCA JESSICA ATTOBRAH",5,HARVEST,"2025-11-15 00:00:00","2025-11-15 00:00:00","2025-11-15 00:00:00",60.00
Thursday,FMC-K0721-KM,"HERBERT ROCKSON",2,"TITHE, WELFARE","2026-08-01 00:00:00","2026-08-01 00:00:00","2026-08-09 11:12:23",60.00
Tuesday,FMC-F0807-KM,"JOSEPHINE SIKA",2,"TITHE, WELFARE","2025-11-01 00:00:00","2025-11-01 00:00:00","2025-11-16 11:50:46",60.00
Monday,FMC-B0514-KM,"COMFORT SOGLO",6,"HARVEST, TITHE, WELFARE","2025-11-15 00:00:00","2026-03-01 00:00:00","2026-03-29 10:01:41",60.00
Friday,FMC-A1021-KM,"THOMAS ARTHUR",2,"TITHE, WELFARE","2026-02-01 00:00:00","2026-02-01 00:00:00","2026-02-22 13:22:20",55.00
Thursday,FMC-A1212-KM,"VERONICA ABBAN",2,HARVEST,"2025-11-15 00:00:00","2025-11-15 00:00:00","2025-11-15 00:00:00",50.00
Sunday,FMC-F0322-KM,"AALIYAH ADEOLA ADEYEMI",2,"TITHE, WELFARE","2026-09-01 00:00:00","2026-09-01 00:00:00","2026-09-06 20:58:18",50.00
Saturday,FMC-W0105-KM,"JAMES ADOBAN",1,HARVEST,"2025-11-15 00:00:00","2025-11-15 00:00:00","2025-11-15 00:00:00",50.00
Sunday,FMC-K0513-KM,"SANDRA APPIAH",1,HARVEST,"2025-11-15 00:00:00","2025-11-15 00:00:00","2025-11-15 00:00:00",50.00
Thursday,FMC-W0218-KM,"VIDA BONNAH",20,"TITHE, WELFARE","2025-11-01 00:00:00","2026-08-01 00:00:00","2026-08-09 09:13:35",50.00
Friday,FMC-F0422-KM,"ABIGAIL COBBINAH",1,HARVEST,"2025-11-15 00:00:00","2025-11-15 00:00:00","2025-11-15 00:00:00",50.00
Monday,FMC-W0308-KM,"EDWARD BUAH ESHUN",1,HARVEST,"2025-11-15 00:00:00","2025-11-15 00:00:00","2025-11-15 00:00:00",50.00
Monday,FMC-F0421-KM,"WILLIAM NKETSIAH",1,HARVEST,"2025-10-01 00:00:00","2025-10-01 00:00:00","2025-10-12 10:07:02",50.00
Saturday,FMC-W0114-KM,"BEATRICE SOMEHINE",2,"TITHE, WELFARE","2025-11-01 00:00:00","2025-11-01 00:00:00","2025-11-30 11:50:17",50.00
Friday,FMC-B0716-KM,"VICTORIA BAIDOO",2,"TITHE, WELFARE","2026-05-01 00:00:00","2026-05-01 00:00:00","2026-05-31 12:09:17",40.00
Wednesday,FMC-W0320-KM,"ROSALINE LAWSON",2,"TITHE, WELFARE","2026-09-01 00:00:00","2026-09-01 00:00:00","2026-09-06 20:58:18",40.00
Wednesday,FMC-W0405-KM,"JOSEPH NELSON",2,"TITHE, WELFARE","2026-04-01 00:00:00","2026-04-01 00:00:00","2026-04-26 08:25:26",40.00
Tuesday,FMC-F0124-KM,"OBED GREAT BENYIN",2,"TITHE, WELFARE","2026-08-01 00:00:00","2026-08-01 00:00:00","2026-08-30 12:22:00",30.00
Tuesday,FMC-A0413-KM,"PERPETUAL BOAKYE",1,TITHE,"2026-01-01 00:00:00","2026-01-01 00:00:00","2026-01-11 10:53:05",30.00
Saturday,FMC-F0610-KM,"REBECCA EKURSON",2,"TITHE, WELFARE","2025-10-01 00:00:00","2025-10-01 00:00:00","2025-10-26 09:59:49",30.00
Monday,FMC-A1011-KM,"JOHN ADOM QUAYSON",4,"Education Support, FWB Yesu Bogya Mu, Grace Box, SOMBI","2025-09-01 00:00:00","2025-09-01 00:00:00","2025-09-12 01:13:51",27.00
Saturday,FMC-W1015-KM,"FELIX KWAME IDAN",2,"TITHE, WELFARE","2026-08-01 00:00:00","2026-08-01 00:00:00","2026-08-30 12:09:55",25.00
Thursday,FMC-W0312-KM,"CHARLOTTE ABBEY",1,HARVEST,"2025-11-15 00:00:00","2025-11-15 00:00:00","2025-11-15 00:00:00",20.00
Thursday,FMC-W0612-KM,"ELLEN ADJEI",1,HARVEST,"2025-11-15 00:00:00","2025-11-15 00:00:00","2025-11-15 00:00:00",20.00
Monday,FMC-W1014-KM,"PATIENCE AMOAH",1,HARVEST,"2025-11-15 00:00:00","2025-11-15 00:00:00","2025-11-15 00:00:00",20.00
Saturday,FMC-B0106-KM,"VERONICA ARTHUR",4,"TITHE, WELFARE","2025-10-01 00:00:00","2026-01-01 00:00:00","2026-01-11 11:29:34",20.00
Saturday,FMC-W0215-KM,"ERNESTINA POKUA",2,"TITHE, WELFARE","2025-11-01 00:00:00","2025-11-01 00:00:00","2025-11-09 09:26:43",20.00
Sunday,FMC-D0824-KM,"KWESI AGYAPONG",2,"TITHE, WELFARE","2025-10-01 00:00:00","2025-10-01 00:00:00","2025-10-26 19:38:19",15.00
Friday,FMC-B0710-KM,"ELIZABETH KRAH",1,HARVEST,"2025-11-15 00:00:00","2025-11-15 00:00:00","2025-11-15 00:00:00",10.00
Monday,FMC-D0705-KM,"EBENEZER KWOFIE",3,"TITHE, WELFARE","2025-08-01 00:00:00","2025-09-01 00:00:00","2025-09-20 21:44:24",1.20
Friday,FMC-A0925-KM,"ADRIANA OWUSU",1,TITHE,"2025-12-01 00:00:00","2025-12-01 00:00:00","2026-06-28 10:25:39",1.00
